lga_code_2016,lga_name_2016,did_not_go_to_schoolool_indig_f,did_not_go_to_schoolool_indig_m,did_not_go_to_school_non_indig_f,did_not_go_to_school_non_indig_m,did_not_go_to_school_indig_stat_notstated_f,did_not_go_to_school_indig_stat_notstated_m,y8_below_indig_f,y8_below_indig_m,y8_below_non_indig_f,y8_below_non_indig_m,y8_below_indig_stat_notstated_f,y8_below_indig_stat_notstated_m,y10_equiv_indig_f,y10_equiv_indig_m,y10_equiv_non_indig_f,y10_equiv_non_indig_m,y10_equiv_indig_stat_notstated_f,y10_equiv_indig_stat_notstated_m,y12_equiv_indig_f,y12_equiv_indig_m,y12_equiv_non_indig_f,y12_equiv_non_indig_m,y12_equiv_indig_stat_notstated_f,y12_equiv_indig_stat_notstated_m
10050,Albury,7,6,148,127,5,4,39,32,894,888,19,9,123,125,4746,4816,38,50,110,96,9182,7479,53,46
10130,Armidale Regional,4,6,32,32,0,0,62,85,442,474,10,12,176,190,2203,2178,25,26,216,156,6325,5416,37,31
10250,Ballina,7,5,42,33,0,3,32,38,750,710,10,12,142,125,4871,4296,38,47,142,132,7442,6599,38,33
10300,Balranald,0,0,6,7,0,0,8,17,67,83,0,0,17,16,169,217,0,3,17,6,280,200,3,3
10470,Bathurst Regional,3,3,47,41,0,3,35,40,594,614,8,4,183,156,3956,4216,45,48,226,159,7378,6044,51,43
10550,Bega Valley,3,3,24,30,0,0,31,46,638,720,15,13,97,79,3633,3734,57,53,97,74,5537,4631,55,39
10600,Bellingen,0,0,13,11,0,4,8,12,218,232,7,4,40,53,1355,1381,12,21,51,34,2265,1777,30,21
10650,Berrigan,0,0,9,14,0,0,6,9,217,276,9,9,12,16,810,890,13,9,23,13,1124,876,11,3
10750,Blacktown,22,26,1777,1138,18,4,234,226,6236,5178,77,55,917,838,22847,23313,159,162,856,674,71797,68452,302,306
10800,Bland,0,0,0,6,0,0,5,8,125,160,4,4,31,21,676,808,9,10,18,14,726,530,4,6
10850,Blayney,0,0,3,7,0,0,0,9,134,177,0,5,22,28,829,899,13,15,19,16,1114,858,5,8
10900,Blue Mountains,5,0,58,73,0,3,24,25,669,571,5,12,158,188,7161,6787,61,51,247,213,17944,15674,79,85
10950,Bogan,0,0,3,0,0,0,7,15,51,56,0,5,48,40,264,302,3,4,41,22,303,245,8,3
11100,Botany Bay,0,0,322,229,0,0,12,17,1018,775,8,7,81,83,2385,2570,20,19,139,106,11998,11646,42,47
11150,Bourke,0,9,0,3,0,0,30,30,24,46,0,3,94,82,112,166,3,4,52,37,270,204,3,0
11200,Brewarrina,4,3,0,3,0,0,53,61,10,16,0,0,107,98,48,84,5,0,58,54,109,72,7,4
14650,Lake Macquarie,13,21,199,206,6,5,151,173,3458,3232,45,38,859,825,24712,23928,181,153,800,642,31671,27996,151,125
11250,Broken Hill,5,4,12,25,0,0,44,56,586,616,8,10,148,129,2267,2154,22,24,94,80,1857,1566,13,21
13910,Hilltops,4,0,30,45,0,0,23,30,421,524,17,10,88,79,2074,2315,22,26,53,44,2575,1929,18,15
14000,Hornsby,0,3,364,277,5,3,11,4,1094,816,14,5,52,61,8020,6875,52,53,118,93,39895,37935,173,162
14100,Hunters Hill,0,0,32,18,0,0,0,0,143,82,0,0,5,3,682,429,4,3,11,13,3826,3661,25,29
14170,Inner West,6,8,1202,771,15,4,56,52,3323,2529,37,25,196,145,6588,6930,50,46,404,363,55196,50605,202,170
14200,Inverell,3,0,21,16,0,0,35,54,354,493,11,3,137,112,1883,1894,26,23,111,79,2163,1686,20,14
14300,Junee,3,0,10,4,0,0,7,9,107,122,5,4,22,24,600,710,5,10,20,19,718,568,5,5
14350,Kempsey,11,11,21,30,0,0,111,102,712,818,19,12,306,253,3495,3406,41,39,225,176,3144,2688,28,26
14400,Kiama,0,0,16,20,0,0,9,3,266,264,0,3,35,46,2345,2154,28,22,57,57,4323,4061,36,30
14500,Ku-ring-gai,0,0,199,132,5,0,0,0,530,313,4,3,12,9,4151,2475,33,16,47,57,36786,34416,127,110
14550,Kyogle,0,0,9,10,0,0,15,22,212,276,4,4,44,35,1083,1216,25,26,35,18,1155,993,11,8
14600,Lachlan,5,7,7,14,0,0,38,43,113,171,3,0,105,91,522,668,3,9,97,59,757,564,3,7
14700,Lane Cove,0,0,57,45,0,0,0,0,164,136,3,0,4,6,1238,883,7,7,22,18,11608,10974,21,31
14750,Leeton,0,0,17,23,0,0,14,22,218,335,5,5,51,75,1306,1406,11,19,38,35,1281,1034,13,6
14850,Lismore,3,6,45,54,0,0,44,48,780,795,7,6,217,203,4880,4540,54,33,233,196,7265,6369,50,53
14870,Lithgow,0,3,17,28,0,0,36,38,458,513,9,15,115,127,2566,2878,31,29,98,79,2593,2059,32,27
14900,Liverpool,3,10,2434,1644,18,4,60,88,5110,4131,65,34,299,236,12741,14165,114,99,329,218,41424,38753,221,179
14920,Liverpool Plains,3,0,7,13,0,0,22,40,133,236,7,6,97,110,860,917,14,9,74,67,893,707,6,13
14950,Lockhart,0,0,3,3,0,0,3,7,52,102,0,0,16,11,358,423,3,6,5,10,415,311,8,7
15050,Maitland,3,7,67,74,0,0,72,95,1199,1118,21,16,439,392,9209,9249,74,64,380,289,11756,9765,59,61
15240,Mid-Coast,12,5,81,102,6,6,155,202,2113,2432,34,33,562,487,12530,11810,148,125,409,350,11293,9875,102,83
15270,Mid-Western Regional,3,0,21,30,3,0,18,41,462,588,12,13,127,152,2578,2920,39,47,112,85,3357,2644,27,28
15300,Moree Plains,11,18,15,22,0,0,93,117,154,293,3,11,306,240,962,1193,5,24,202,150,1654,1320,22,14
15350,Mosman,0,0,17,24,0,0,0,0,85,54,0,0,3,4,1053,539,9,3,17,17,9421,8196,34,37
15520,Murray River,3,3,6,17,0,0,15,16,289,384,8,3,33,32,874,1112,8,13,35,19,1682,1263,18,11
15560,Murrumbidgee,0,0,3,0,0,0,12,17,84,130,0,5,41,25,319,436,3,6,23,22,475,377,4,5
15650,Muswellbrook,3,0,9,19,3,0,25,27,293,321,3,9,132,142,1764,2054,19,25,101,60,1893,1548,9,10
15700,Nambucca,3,6,14,20,0,0,46,38,412,513,10,6,149,115,2407,2374,38,39,119,93,2435,2095,25,24
15750,Narrabri,0,4,9,19,0,0,46,54,219,335,3,5,171,143,1267,1433,16,15,132,81,1639,1331,21,18
15800,Narrandera,0,0,7,17,0,3,20,27,117,172,0,3,53,56,606,662,13,11,42,17,694,522,3,3
15850,Narromine,0,6,8,4,0,0,34,33,101,150,3,0,133,120,581,692,3,10,138,65,770,606,10,5
15900,Newcastle,9,15,315,229,3,5,97,113,2383,2077,31,15,569,538,14538,14430,112,112,771,619,32640,30613,138,124
15950,North Sydney,3,0,79,45,0,0,0,0,210,168,0,3,5,11,2176,1420,8,9,58,62,24448,21831,72,63
15990,Northern Beaches,3,3,386,347,0,0,12,12,1978,1619,22,24,93,119,16310,14115,123,81,257,235,66793,63207,312,270
16100,Oberon,0,0,4,11,0,0,6,3,86,138,0,0,14,16,601,724,4,3,15,12,727,593,6,6
16150,Orange,4,0,59,69,8,0,64,69,750,741,12,13,240,239,4073,4103,56,34,214,160,6920,5638,37,26
16200,Parkes,0,10,12,12,0,0,33,60,293,345,3,5,161,144,1583,1682,8,19,129,85,1823,1530,15,10
16260,Parramatta,6,8,1193,1003,8,13,27,27,2595,2001,29,19,139,135,10695,9670,81,70,185,188,62308,61982,226,191
11650,Central Coast (NSW),18,23,350,407,3,12,227,224,5518,4899,96,94,1281,1244,39177,36111,359,327,1325,1075,54522,49030,374,352
11700,Central Darling,0,0,0,0,0,0,32,45,22,47,0,3,89,78,94,99,3,3,30,23,135,136,8,3
11720,Cessnock,5,5,49,58,0,0,99,101,1206,1190,20,13,371,412,6843,7241,68,64,277,233,6347,5031,48,53
11730,Clarence Valley,4,7,54,67,0,0,80,86,1160,1366,22,38,360,309,6748,6502,100,69,263,209,6416,5628,61,46
11750,Cobar,0,5,3,4,0,0,19,32,67,113,0,7,72,74,395,536,4,9,46,23,554,418,8,6
11800,Coffs Harbour,11,3,177,149,3,0,80,103,1279,1360,18,19,384,338,8286,7724,89,75,362,289,11831,10254,80,72
12000,Coolamon,0,0,4,3,0,0,3,0,77,115,0,0,10,5,485,554,4,4,18,11,571,392,6,0
12150,Coonamble,7,4,4,8,0,0,36,56,63,112,5,4,123,82,257,340,6,6,102,47,403,280,8,8
11300,Burwood,0,0,375,275,3,3,6,4,934,580,3,4,14,8,1396,1290,3,11,24,29,11367,10839,32,41
11350,Byron,3,0,15,34,3,3,7,14,297,266,3,5,51,55,2521,2444,21,26,93,78,6974,5943,92,54
11400,Cabonne,0,3,12,15,0,0,11,12,241,340,4,9,40,60,1394,1611,18,21,37,25,2084,1660,24,9
11450,Camden,8,4,144,112,0,0,19,21,920,843,9,9,192,172,7560,8173,46,49,252,202,14733,12506,70,65
11500,Campbelltown (NSW),4,12,687,434,14,0,150,110,2662,2301,15,24,588,482,14267,14133,101,86,656,420,29205,27123,152,147
11520,Canada Bay,0,0,467,337,4,0,11,9,1664,1223,11,5,33,39,4570,3742,24,27,77,74,25786,24017,74,79
11570,Canterbury-Bankstown,7,9,4682,3298,30,24,80,53,10264,8566,95,70,253,206,20496,20827,130,164,368,278,75469,74347,367,352
11600,Carrathool,4,0,0,8,0,0,3,8,51,98,3,3,17,35,236,330,4,0,21,12,387,305,4,6
12350,Cowra,0,3,10,16,0,4,30,48,307,426,0,8,115,104,1533,1629,22,8,70,54,1527,1211,15,14
12380,Cumberland,3,8,3253,3166,28,28,38,43,5587,5640,41,38,156,149,11285,12173,77,100,169,148,46990,49763,206,235
12700,Dungog,0,0,7,7,0,0,13,23,158,191,0,5,48,46,1129,1306,11,20,30,23,1278,950,17,11
12730,Edward River,0,0,18,21,0,0,13,13,183,246,0,3,42,29,813,915,16,20,39,20,1273,968,18,7
12750,Eurobodalla,5,6,27,35,0,0,77,71,729,843,14,11,211,173,4466,4387,45,48,147,131,5866,5253,43,49
12850,Fairfield,3,0,6389,4038,31,21,49,48,9068,6986,67,47,151,128,11398,12299,66,101,156,134,38064,37461,171,189
12870,Federation,0,0,12,19,0,0,6,6,312,384,5,0,18,26,1189,1416,14,23,26,12,1683,1268,9,4
12900,Forbes,0,3,4,18,0,0,25,51,163,262,0,3,110,88,978,1069,15,22,107,70,1225,980,18,11
12930,Georges River,4,4,1070,718,4,5,15,10,2982,2177,33,19,92,71,8391,7314,60,58,137,119,39829,38556,123,131
12950,Gilgandra,0,3,3,0,0,0,19,28,107,157,3,3,73,45,456,509,7,10,32,28,511,353,9,0
13010,Glen Innes Severn,0,3,12,12,0,0,21,24,254,304,4,7,46,43,1071,1049,15,8,35,30,1131,883,12,9
13310,Goulburn Mulwaree,3,3,46,72,3,0,25,27,569,658,7,11,96,89,3403,3468,44,42,107,84,4353,3812,39,35
13340,Greater Hume Shire,0,4,5,11,0,0,3,7,180,265,3,3,26,29,1034,1244,10,20,29,16,1490,1135,5,11
13450,Griffith,3,0,139,137,6,3,39,36,690,745,16,19,134,150,2540,2820,33,33,82,54,3575,3078,18,30
13510,Gundagai,0,0,16,12,0,0,16,23,287,333,8,4,60,46,1354,1476,24,19,47,45,1504,1181,22,8
13550,Gunnedah,3,7,13,16,0,0,47,46,210,328,4,3,168,148,1298,1456,15,16,123,85,1584,1252,13,3
13660,Gwydir,0,0,3,10,0,0,5,9,141,214,3,7,26,26,576,619,11,10,23,17,698,523,9,9
13800,Hawkesbury,5,3,74,97,3,0,56,40,896,1052,10,7,242,262,7475,8271,63,57,245,190,10911,8777,72,42
13850,Hay,0,0,0,5,0,0,5,10,77,109,0,0,10,19,259,301,3,3,13,18,423,305,3,3
16350,Penrith,9,21,503,382,3,4,151,143,3286,3018,40,23,754,736,20367,21246,156,143,852,619,34165,30041,161,156
16380,Port Macquarie-Hastings,4,5,70,72,0,0,50,77,1468,1508,32,30,322,327,10118,8902,104,92,326,252,12154,10510,81,76
16400,Port Stephens,3,5,70,93,0,3,61,67,1107,1165,19,15,339,359,8760,8712,99,75,290,228,9846,8824,76,56
16490,Queanbeyan-Palerang Regional,0,4,88,79,3,0,29,39,727,739,12,13,168,129,3987,4286,47,39,221,171,12426,11610,78,82
16550,Randwick,8,5,438,300,5,0,54,34,1660,1243,19,17,177,135,5801,5305,44,24,315,274,42202,39433,161,129
16610,Richmond Valley,0,5,20,38,0,0,37,44,670,718,12,21,148,149,2916,2938,38,33,128,95,2515,2041,34,27
16650,Rockdale,0,0,907,558,8,11,12,12,2753,2094,29,10,76,73,6019,5829,42,43,141,127,28297,27882,105,114
16700,Ryde,0,5,601,404,7,0,4,0,1704,1245,18,7,29,29,5484,4641,36,27,107,84,35286,33384,107,125
16900,Shellharbour,5,5,171,132,7,6,60,66,1510,1324,14,12,260,234,8749,8603,64,71,252,193,9619,8605,74,59
16950,Shoalhaven,11,8,87,109,4,0,123,148,1961,2121,35,28,508,548,12534,12054,145,98,449,402,14328,12603,101,96
17000,Singleton,5,0,12,19,0,0,25,43,337,408,6,3,140,163,2584,2975,41,34,90,103,3134,2717,15,21
17040,Snowy Monaro Regional,0,0,27,38,0,0,15,12,315,383,7,4,49,57,1835,2189,19,28,39,52,3651,3353,24,25
17080,Snowy Valleys,0,0,16,27,3,4,26,23,277,415,3,6,50,49,1652,1759,15,26,58,36,1878,1507,8,10
17420,The Hills Shire,3,0,361,290,0,0,7,10,1296,1010,9,8,75,81,10137,8995,71,56,118,105,41294,39546,136,122
17550,Tweed,0,7,98,93,3,0,85,69,1822,1743,28,25,386,376,11001,10035,92,104,398,324,14781,13075,124,103
17620,Upper Hunter Shire,0,0,14,20,0,0,9,19,261,362,4,8,78,73,1482,1766,21,18,72,50,2035,1494,14,22
17640,Upper Lachlan Shire,0,0,3,11,0,0,7,13,148,233,9,5,15,26,803,984,12,17,14,8,1224,994,12,8
17650,Uralla,4,0,3,13,0,0,10,19,105,142,0,0,35,32,640,674,9,12,41,28,1049,795,3,7
17750,Wagga Wagga,7,8,82,113,3,3,79,72,914,1056,14,20,314,286,6223,6258,44,52,360,267,11392,9384,61,54
17850,Walcha,0,0,3,5,0,0,6,14,54,73,0,5,18,14,312,371,3,6,11,7,460,373,4,0
17900,Walgett,13,18,5,20,0,0,71,94,89,175,3,6,207,163,361,522,10,7,110,81,610,588,11,8
17950,Warren,0,5,3,5,0,0,8,19,36,53,0,3,39,30,231,291,3,6,33,18,387,315,7,5
18020,Warrumbungle Shire,0,0,4,10,0,4,35,35,195,333,0,8,86,89,1043,1090,18,15,93,64,1161,910,11,10
18050,Waverley,0,5,76,63,3,4,3,3,395,296,8,8,16,24,1958,1789,19,9,58,76,21114,19461,91,66
18100,Weddin,0,0,3,3,0,0,4,0,78,123,7,0,13,18,458,455,10,6,4,8,484,407,3,9
18200,Wentworth,4,0,5,15,0,0,26,34,152,216,4,3,55,47,463,637,11,6,26,20,857,641,8,8
18230,Western Plains Regional,18,13,44,55,0,0,175,194,732,865,10,22,773,749,4760,5021,64,75,684,490,7409,5818,62,44
18250,Willoughby,0,0,261,148,3,9,0,0,643,445,5,0,10,9,2279,1717,14,9,24,33,23854,21859,81,60
18350,Wingecarribee,0,3,50,59,0,0,14,19,566,589,12,10,101,90,5205,4800,43,35,102,83,9539,8224,61,45
18400,Wollondilly,0,5,46,60,0,3,25,28,587,684,4,16,149,196,5528,6437,56,74,204,124,7890,6166,59,49
18450,Wollongong,6,5,818,543,7,4,127,112,4760,3831,77,49,506,516,20280,20262,179,194,651,532,38524,36691,218,170
18500,Woollahra,0,0,54,43,0,0,0,0,197,143,0,0,9,5,1548,940,14,3,35,26,18448,16056,74,74
18710,Yass Valley,0,0,7,21,0,0,12,9,157,203,0,3,37,35,1269,1290,17,14,38,39,3463,3035,28,21
19399,Unincorporated NSW,0,0,0,0,0,0,3,0,11,30,0,0,0,3,88,128,4,5,6,0,184,151,4,0
20110,Alpine,0,0,23,22,0,0,0,3,278,321,3,9,8,8,873,1018,9,10,6,8,2177,1700,22,13
20260,Ararat,0,0,18,48,0,0,3,11,341,389,11,6,6,11,712,875,7,14,8,3,1719,1365,16,14
20570,Ballarat,4,10,108,132,4,3,35,36,2308,1936,43,43,106,78,6274,6540,87,62,165,129,20047,16440,138,110
20660,Banyule,0,0,416,310,5,0,18,10,2679,1794,34,34,37,45,4835,4804,40,46,129,89,31348,28707,156,138
20740,Bass Coast,0,0,47,55,0,3,5,4,872,777,15,9,20,22,2518,2733,37,43,31,30,5529,4296,48,37
20830,Baw Baw,3,4,72,67,0,0,8,10,1140,1093,17,24,28,37,3356,4089,33,29,43,29,8434,6257,67,34
20910,Bayside,0,3,161,119,3,0,4,0,1122,683,15,4,5,7,3095,2382,41,23,36,50,27724,25331,143,119
21010,Benalla,0,0,10,15,0,0,3,3,444,377,6,4,16,9,1039,1113,7,9,23,18,2203,1716,23,16
21110,Boroondara,0,0,414,339,3,4,5,4,1862,1028,16,10,9,7,3336,2603,20,17,73,80,53350,49098,215,226
21180,Brimbank,3,0,2943,2132,40,32,21,25,8250,6393,93,82,64,59,7662,8378,82,90,93,85,40472,40727,308,327
21270,Buloke,0,0,5,8,0,0,3,6,194,250,4,3,0,3,413,504,9,9,4,4,877,649,7,6
21370,Campaspe,3,6,31,55,0,0,27,33,1044,1185,21,18,63,58,2804,3344,35,48,72,57,5203,3785,48,46
21450,Cardinia,0,0,145,120,4,4,16,12,1463,1477,27,19,35,59,5744,7086,51,55,104,63,17907,13757,92,76
21610,Casey,3,14,2148,1764,14,16,32,50,5932,4989,71,57,102,114,14443,16963,112,134,217,153,62248,56574,379,287
21670,Central Goldfields,0,0,16,20,0,0,8,9,488,527,17,14,11,13,1113,1242,16,23,21,12,1742,1366,26,20
21750,Colac-Otway,0,0,58,75,0,3,8,5,589,641,12,15,13,17,1385,1658,21,30,35,23,3419,2574,27,18
21830,Corangamite,0,0,14,17,0,0,3,8,438,556,12,10,6,10,1016,1287,19,17,16,14,2417,1723,22,18
21890,Darebin,4,7,1408,951,11,12,27,40,5433,3752,57,57,84,69,3845,4228,40,45,214,164,40044,36146,183,182
22110,East Gippsland,5,6,50,73,0,0,54,43,1147,1276,31,22,90,95,3541,3950,43,57,95,82,6928,5348,68,59
22170,Frankston,6,8,231,217,0,6,23,27,2404,1964,44,27,92,107,8518,9534,94,81,184,136,27198,22450,181,150
22250,Gannawarra,0,4,9,8,0,0,7,12,383,408,8,11,20,15,806,1042,13,7,13,8,1353,888,13,12
22830,Greater Shepparton,7,7,364,387,3,7,63,84,1761,1813,41,33,152,147,3975,4391,49,36,192,125,9873,7924,83,49
22910,Hepburn,0,0,13,11,0,0,3,6,338,347,8,10,4,9,937,1098,9,11,19,11,3055,2429,30,22
22980,Hindmarsh,0,0,21,30,0,0,0,3,253,273,6,4,9,3,401,496,4,15,11,3,781,573,8,4
23110,Hobsons Bay,0,0,612,415,6,0,10,10,2676,1940,34,24,34,31,3628,4168,30,34,74,67,21024,19225,107,113
23190,Horsham,0,0,20,17,0,0,6,8,531,530,13,10,18,12,1265,1377,14,10,18,15,3226,2534,20,17
23270,Hume,0,5,2235,1436,31,24,46,44,6007,5152,68,58,115,95,8763,10227,73,88,159,146,38905,36145,246,232
23350,Indigo,0,0,20,9,0,0,4,5,273,335,8,5,22,7,1148,1400,13,20,28,17,2943,2173,35,23
23430,Kingston (Vic.),3,3,745,546,6,8,8,9,3522,2485,52,34,31,38,6551,6796,54,46,111,87,37717,34238,188,167
23670,Knox,4,4,506,380,3,3,12,11,2765,2047,38,28,50,74,7981,8730,44,71,88,79,36552,32408,166,168
23810,Latrobe (Vic.),5,7,158,137,4,3,39,44,2133,1829,34,21,92,75,5224,5855,59,55,84,82,11388,9223,69,64
23940,Loddon,0,0,7,9,0,0,8,14,240,323,9,6,10,7,490,704,13,16,6,5,947,729,6,13
24130,Macedon Ranges,0,0,40,41,5,0,4,7,621,693,6,9,16,28,2299,2791,13,24,37,35,9912,8098,73,57
24210,Manningham,0,0,698,455,4,5,6,0,3036,2086,30,23,15,21,4285,3771,38,30,30,33,31483,29700,167,134
24250,Mansfield,0,0,8,4,0,0,3,0,159,199,4,3,3,4,490,675,8,5,16,8,1564,1200,13,4
24330,Maribyrnong,0,3,793,565,8,6,3,12,2117,1470,22,21,29,22,2086,2417,19,22,86,88,22513,22621,106,89
24410,Maroondah,0,0,402,329,3,7,7,11,2014,1500,28,13,41,48,5524,5771,46,45,85,71,26363,22720,121,77
24600,Melbourne,7,3,470,299,4,3,3,8,874,609,13,4,16,23,1665,1763,15,20,129,130,50354,46641,199,199
24650,Melton,0,3,651,473,8,5,28,32,2620,2225,36,22,98,78,6449,7513,57,50,147,97,27341,23596,153,134
24780,Mildura,4,3,215,245,0,3,63,59,1669,1642,31,27,191,151,3774,4297,49,56,157,105,7860,6225,72,51
24850,Mitchell,0,0,42,62,0,0,14,13,801,821,15,4,35,47,2601,3190,26,47,69,61,6764,5425,61,54
24900,Moira,0,0,53,57,0,0,21,18,829,1032,17,23,38,44,2342,2641,24,33,44,31,4105,2899,37,23
24970,Monash,0,5,1065,694,5,10,14,9,4180,2881,61,40,22,22,5523,5189,39,39,80,77,52374,50846,195,195
17150,Sutherland Shire,3,8,323,271,3,3,20,33,2361,1784,27,14,212,238,20673,19704,136,113,388,366,50346,46357,221,198
17200,Sydney,7,10,750,579,8,10,56,57,1524,1321,12,17,182,190,4554,5498,30,37,411,465,68873,72216,294,304
17310,Tamworth Regional,12,15,71,80,0,6,143,185,1030,1198,22,20,621,603,6516,6400,69,84,496,315,8696,7083,67,50
17350,Temora,0,3,8,4,0,0,3,4,170,161,0,3,18,10,833,849,7,5,13,13,748,590,8,4
17100,Strathfield,0,0,282,195,0,0,0,8,638,455,4,0,8,12,1339,1235,13,3,29,25,11869,12401,46,43
17400,Tenterfield,0,0,5,9,0,0,13,18,134,206,4,5,29,38,814,792,10,11,33,16,858,719,14,6
22410,Glenelg,3,0,19,19,0,0,15,13,565,712,4,14,32,32,1488,1737,16,20,41,24,2750,2028,30,21
22490,Golden Plains,0,3,12,12,0,0,3,3,301,442,3,4,14,12,1253,1812,14,13,21,11,3753,2883,35,30
22620,Greater Bendigo,4,8,222,245,0,0,44,58,2531,2359,57,43,127,128,7482,8130,76,90,193,154,20122,15827,143,116
22670,Greater Dandenong,0,3,3403,2979,23,25,18,17,6111,4855,69,55,31,42,5783,6564,61,61,64,42,31279,33255,173,230
22750,Greater Geelong,5,10,617,526,11,15,59,51,5742,4564,91,76,142,157,13762,13984,144,125,311,211,47234,39727,286,244
25060,Moonee Valley,0,0,863,505,3,6,7,8,3462,2361,41,22,20,22,3906,3974,44,39,89,88,30713,27826,155,139
25150,Moorabool,0,0,24,42,3,3,3,3,581,619,15,10,21,40,1963,2532,24,22,40,34,5773,4445,39,26
25250,Moreland,0,3,1534,972,14,6,9,11,5895,4125,72,49,37,43,4429,5173,48,66,195,156,44295,41334,195,190
25340,Mornington Peninsula,3,7,206,245,5,0,26,26,3072,2429,55,35,82,92,10258,10873,100,119,187,151,31734,26579,209,175
25430,Mount Alexander,0,0,17,17,0,0,4,3,367,342,10,3,12,16,1070,1216,10,22,20,17,3752,3019,36,27
25490,Moyne,0,0,11,18,0,0,6,8,330,432,7,4,18,10,923,1239,11,13,15,13,2859,2032,28,23
25620,Murrindindi,0,0,14,25,0,0,4,10,272,355,8,8,6,17,953,1266,16,14,29,16,2366,1836,24,15
25710,Nillumbik,0,0,60,58,0,3,0,0,587,490,5,7,17,15,2454,3039,20,20,44,39,15329,13530,94,69
25810,Northern Grampians,0,0,36,52,0,0,11,6,378,402,3,12,13,11,857,910,13,17,14,8,1720,1405,20,13
25900,Port Phillip,3,3,246,177,0,0,3,15,1060,872,19,15,18,35,2204,2506,24,24,112,88,32846,30137,134,114
25990,Pyrenees,0,0,0,12,0,0,0,8,194,238,3,8,4,11,503,632,0,4,14,10,1006,758,9,5
22310,Glen Eira,0,0,388,305,5,8,6,0,2243,1548,28,11,13,9,3565,3488,26,19,60,53,42523,38751,173,146
26080,Queenscliffe,0,0,3,3,0,0,0,0,35,37,3,0,0,0,156,137,0,3,3,0,724,601,3,4
26170,South Gippsland,0,0,41,24,0,0,8,10,659,745,11,14,16,25,2003,2418,16,18,28,27,4784,3403,27,29
26260,Southern Grampians,0,3,17,27,0,0,12,5,470,457,8,5,13,12,1068,1277,13,18,19,8,2668,1974,20,14
26350,Stonnington,0,3,298,167,3,0,3,8,1136,758,18,9,5,17,2011,1762,20,20,76,92,35840,32276,138,107
26430,Strathbogie,0,0,6,11,0,0,0,5,276,321,4,4,8,15,777,909,11,16,7,12,1745,1295,11,20
26490,Surf Coast,0,0,26,17,3,0,0,3,312,316,4,3,8,10,1235,1517,13,14,26,24,6810,5886,44,28
26610,Swan Hill,3,0,100,135,3,8,23,30,551,636,16,11,55,56,1259,1514,17,30,65,50,2856,2249,22,24
26670,Towong,0,0,0,3,0,0,3,4,131,195,0,10,12,4,496,599,3,6,10,3,876,702,11,4
26700,Wangaratta,0,0,43,39,0,0,7,9,744,705,15,19,29,19,1991,2360,17,35,25,43,4824,3618,34,26
26730,Warrnambool,8,5,32,51,0,0,15,10,839,750,16,8,32,41,2034,2220,20,17,38,51,6201,4849,34,35
26810,Wellington,0,3,66,62,0,0,11,18,969,1169,17,17,48,40,3033,3625,32,34,62,49,6588,4958,48,43
26890,West Wimmera,0,0,3,7,0,0,5,0,98,146,3,3,0,0,287,372,3,0,0,0,603,428,9,8
26980,Whitehorse,7,8,919,631,14,5,6,7,3177,1983,40,36,28,17,5264,4716,60,35,64,56,46372,43034,186,167
27070,Whittlesea,4,7,1648,1172,29,10,40,29,6366,4997,98,76,100,108,8128,9429,76,83,236,143,43023,39418,230,220
27170,Wodonga,5,4,72,87,0,0,24,25,723,696,20,13,84,80,3127,3387,29,31,100,68,6613,5515,30,32
27260,Wyndham,3,10,1088,738,10,5,19,34,3644,2870,32,19,115,104,8776,9990,64,83,200,140,48286,45150,213,187
27350,Yarra,4,3,632,301,9,6,14,13,1432,863,14,16,15,23,1387,1679,16,8,92,90,29041,27026,122,125
27450,Yarra Ranges,0,3,224,248,3,3,29,38,2267,2197,49,40,100,117,8719,11016,79,104,180,123,31046,25081,191,152
27630,Yarriambiack,0,0,16,9,3,0,7,6,228,277,8,3,4,10,475,566,15,3,4,11,860,687,8,10
29399,Unincorporated Vic,0,0,3,0,0,0,0,0,0,13,0,0,0,0,16,36,0,0,3,3,191,187,3,0
30250,Aurukun,3,9,0,3,0,0,95,122,0,0,0,0,149,132,12,13,0,0,57,37,15,34,0,0
30300,Balonne,0,7,8,11,0,0,35,37,94,132,3,5,59,75,318,428,3,7,68,42,680,522,14,9
30370,Banana,0,0,14,35,0,0,16,21,401,552,5,8,49,38,1273,1641,13,17,72,54,2221,1840,19,10
30410,Barcaldine,0,0,0,3,0,0,5,12,92,126,0,0,8,16,274,335,4,5,20,12,486,368,3,3
30450,Barcoo,0,0,0,0,0,0,3,0,5,24,0,0,3,0,18,45,0,0,3,0,44,28,0,0
30760,Blackall-Tambo,0,3,3,5,0,0,3,0,87,106,0,0,4,11,224,214,0,3,15,7,289,224,0,0
34710,Longreach,0,0,3,5,0,0,5,8,68,105,0,0,16,20,325,336,3,3,15,23,709,518,9,4
34770,Mackay,17,20,90,119,0,3,125,135,2381,2672,40,34,492,484,11164,12329,100,105,708,580,18777,16016,110,113
34800,McKinlay,0,0,3,0,0,0,0,0,13,26,0,0,3,0,72,119,0,3,9,5,128,127,3,0
34830,Mapoon,0,0,0,0,0,0,18,11,0,0,0,0,41,31,0,8,0,0,13,17,6,3,0,0
34860,Maranoa,4,9,21,27,0,0,30,46,290,381,0,6,96,93,1079,1377,10,12,88,57,2096,1609,14,10
34880,Mareeba,12,8,61,51,0,0,80,96,563,678,10,11,200,172,1771,1855,23,26,172,154,3117,2731,25,19
35010,Moreton Bay,25,35,475,501,13,13,185,217,7676,7318,111,92,1023,915,40436,38307,329,288,1719,1311,82355,73081,452,416
35250,Mornington,7,6,0,0,0,0,43,35,0,3,0,0,112,107,5,7,0,0,58,41,45,46,0,0
35300,Mount Isa,18,26,14,20,0,0,87,104,151,252,4,8,280,222,1062,1599,8,13,380,266,2933,2639,16,17
35600,Murweh,0,5,3,11,0,0,26,27,130,161,3,5,36,37,383,435,3,3,46,32,644,503,4,3
35670,Napranum,0,3,0,0,0,0,31,32,0,0,0,0,95,90,0,12,0,0,76,77,8,14,0,0
35740,Noosa,0,7,34,45,4,0,13,14,724,660,11,7,69,61,5151,4741,48,45,105,95,11183,10052,83,65
35760,North Burnett,4,3,17,20,0,0,28,29,394,549,14,14,56,56,1063,1191,9,14,65,59,1334,1096,11,10
35780,Northern Peninsula Area,0,0,0,0,0,0,61,56,3,6,0,0,139,149,23,39,0,0,342,264,74,65,0,0
35790,Palm Island,4,9,0,0,0,0,86,126,0,3,0,0,248,251,8,7,0,3,180,138,46,35,0,0
35800,Paroo,3,4,8,6,0,0,19,14,33,54,0,3,35,38,142,162,3,0,45,22,190,171,4,0
36070,Pormpuraaw,6,11,0,0,0,0,33,41,0,5,0,0,72,81,10,15,0,0,42,26,24,22,0,0
36150,Quilpie,0,0,0,0,0,0,9,9,12,20,0,0,8,13,73,91,0,0,12,10,138,108,0,0
36250,Redland,4,12,124,128,4,0,68,67,2583,2310,28,37,333,303,15107,13984,101,92,485,400,30258,27478,169,126
36300,Richmond,0,0,0,0,0,0,0,0,26,44,0,0,7,9,74,119,0,0,7,0,121,93,0,0
36370,Rockhampton,16,19,103,161,3,0,131,131,2092,2273,31,24,475,439,7620,7403,74,66,704,557,13013,11354,79,79
36510,Scenic Rim,0,3,32,39,8,0,17,20,1041,1134,16,7,106,89,4000,4093,39,40,138,117,7045,5815,61,49
36580,Somerset,6,3,23,36,0,0,21,32,684,880,13,23,81,56,2617,2897,29,25,95,70,3527,2849,34,29
36630,South Burnett,4,5,42,61,0,0,44,57,1082,1348,16,29,147,129,3682,3798,37,54,156,127,4290,3449,47,42
36660,Southern Downs,5,4,52,44,3,0,46,50,1060,1195,25,28,139,106,4146,3995,57,59,148,122,5350,4438,54,40
36720,Sunshine Coast,11,14,226,241,0,6,74,98,4759,4466,64,41,479,534,29921,27014,230,218,806,698,60832,53190,331,265
36820,Tablelands,10,3,36,37,0,0,61,50,627,704,19,11,177,135,2618,2622,45,37,167,154,3872,3325,33,42
36910,Toowoomba,17,18,282,258,4,7,109,150,4075,4056,49,64,505,512,15594,15061,136,117,742,617,29557,25697,150,133
36950,Torres,6,5,0,4,0,0,64,45,5,14,0,0,150,125,51,79,0,0,372,334,241,200,6,3
36960,Torres Strait Island,9,10,3,0,0,0,146,131,20,27,0,0,194,270,17,28,0,0,602,546,60,50,0,3
37010,Townsville,27,36,252,231,3,8,238,237,2838,2954,45,42,1000,843,15270,15324,123,120,1672,1412,36460,32859,187,179
32250,Carpentaria,6,9,3,0,0,0,32,31,26,56,3,3,97,88,110,165,3,3,62,45,171,154,0,0
32260,Cassowary Coast,8,3,84,64,5,3,81,79,801,915,15,16,242,218,2704,2986,40,35,303,258,4029,3693,60,50
32270,Central Highlands (Qld),4,7,23,32,0,0,18,29,303,501,3,12,79,113,2058,2793,23,25,135,128,4528,3977,42,31
32310,Charters Towers,3,4,12,22,0,0,29,39,323,466,7,8,73,61,1122,1155,17,10,85,80,1644,1227,4,20
37300,Weipa,6,5,0,3,0,0,7,8,17,21,0,0,45,48,191,325,3,7,109,111,565,560,11,11
30900,Boulia,0,0,0,0,0,0,7,13,4,16,0,0,3,11,30,45,0,0,9,4,57,42,0,0
31000,Brisbane,40,50,3232,2503,44,19,312,321,17010,12219,202,147,1204,1143,61412,53434,418,344,3089,2900,311801,298510,1136,1142
31750,Bulloo,0,0,0,0,0,0,0,0,8,26,0,0,4,10,24,39,0,0,5,3,50,35,0,0
31820,Bundaberg,3,16,133,150,5,10,102,118,2992,3244,45,47,340,314,11259,10662,99,79,372,300,13477,11613,96,92
31900,Burdekin,0,3,25,43,0,0,22,18,610,658,11,7,92,72,1888,2118,30,25,98,94,2412,2067,19,17
31950,Burke,0,0,0,0,0,0,11,11,0,0,0,0,6,11,14,20,0,0,15,20,28,28,0,3
32080,Cairns,45,59,423,387,3,3,307,280,2058,2044,38,25,1079,850,11186,11957,87,112,2010,1494,30374,26465,177,152
32330,Cherbourg,12,6,4,3,0,0,42,36,0,0,0,0,126,103,0,3,0,0,64,55,0,3,0,0
32450,Cloncurry,6,4,4,5,0,0,27,47,28,63,0,0,64,71,145,272,4,6,64,61,374,426,5,3
32500,Cook,0,9,4,9,0,3,29,39,35,86,3,0,76,79,248,392,3,6,109,92,536,501,15,13
32600,Croydon,0,0,0,0,0,0,3,0,3,7,0,0,3,3,27,31,0,0,3,4,23,15,0,0
37310,Western Downs,6,8,35,48,0,0,61,66,841,1074,16,17,166,171,3001,3604,29,32,183,120,4858,4076,25,37
37340,Whitsunday,3,4,41,37,3,4,43,45,577,696,13,3,150,158,3048,3679,26,44,166,169,5260,4680,57,41
32750,Diamantina,0,0,0,0,0,0,3,0,0,8,0,0,6,4,15,21,0,0,0,7,51,50,0,0
41140,Clare and Gilbert Valleys,0,0,0,3,0,0,6,0,182,213,0,3,8,4,588,608,10,6,12,12,1478,1275,14,13
42250,Grant,0,0,0,6,0,0,0,0,135,247,5,10,3,12,445,680,7,3,13,9,1142,827,16,9
32770,Doomadgee,3,3,0,0,0,0,37,62,0,0,0,0,209,158,7,3,0,0,44,32,21,28,0,0
32810,Douglas,0,3,3,4,0,3,27,30,110,165,4,8,83,79,770,1012,15,17,102,83,2192,1979,17,10
33100,Etheridge,0,0,5,4,0,0,4,7,26,43,0,0,0,4,85,113,3,3,0,0,85,76,0,3
33200,Flinders (Qld),0,3,7,3,0,0,5,9,54,73,3,3,8,8,154,187,0,4,8,11,218,170,3,4
33220,Fraser Coast,8,9,118,157,5,4,87,100,2999,3265,58,45,390,348,13086,12028,110,126,418,307,14218,12171,112,89
33360,Gladstone,0,3,43,66,0,0,39,46,945,1079,19,7,244,218,5574,6644,53,46,298,257,9997,9222,57,40
33430,Gold Coast,23,24,746,658,13,13,129,133,6828,6069,103,80,865,833,47890,44373,374,291,1404,1190,121257,109527,633,579
33610,Goondiwindi,4,0,7,16,0,0,20,18,265,338,11,6,53,50,940,1115,14,19,49,38,1723,1358,17,16
33620,Gympie,4,4,52,66,0,0,50,52,1403,1643,17,20,161,148,5989,5936,61,61,147,141,7115,5902,75,62
33800,Hinchinbrook,3,4,17,23,0,0,23,24,494,497,10,10,43,39,1230,1217,15,12,54,55,1473,1480,8,12
33830,Hope Vale,0,3,0,0,0,0,30,43,0,0,0,0,78,95,0,7,0,0,73,60,7,7,0,0
33960,Ipswich,17,13,466,405,9,3,165,166,3975,3585,46,54,640,607,16391,16287,144,125,1047,833,34999,31317,189,184
33980,Isaac,0,0,6,19,0,0,11,13,179,313,0,5,61,68,1390,2120,22,30,87,71,3275,2978,24,21
34420,Kowanyama,4,0,0,0,0,0,43,40,0,0,0,0,119,100,5,15,0,0,56,39,21,26,0,0
34530,Livingstone,3,3,20,31,0,0,24,28,805,867,8,13,127,105,3678,4000,49,53,169,160,5936,5011,47,34
34570,Lockhart River,10,6,0,0,0,0,27,21,0,3,0,0,44,58,6,5,0,0,47,32,15,12,0,0
34580,Lockyer Valley,3,0,45,85,3,7,36,39,1156,1326,20,25,105,115,3975,4177,38,48,131,102,6141,4873,74,60
34590,Logan,21,17,1300,1141,21,7,176,200,5539,5333,85,70,810,751,26197,26315,218,215,1216,984,55522,50258,303,310
40520,Berri and Barmera,3,3,45,27,0,3,14,17,339,388,10,0,41,29,726,806,9,7,21,30,1465,1228,12,9
40700,Burnside,0,0,67,43,0,0,3,3,487,305,3,7,4,9,1530,979,12,17,32,16,12918,11973,66,55
40910,Campbelltown (SA),0,0,340,207,3,0,12,4,1688,1234,13,12,22,18,2330,2041,17,20,49,39,11924,11112,69,60
37400,Winton,0,0,0,7,0,0,4,3,23,40,0,0,3,11,102,157,0,3,13,5,180,122,0,0
41010,Ceduna,0,0,4,3,0,0,19,13,56,81,0,0,33,38,196,216,6,7,66,22,396,314,4,3
41060,Charles Sturt,4,3,795,518,10,9,32,31,3729,2647,50,28,107,106,5781,5249,73,48,213,167,24409,23256,136,131
37550,Woorabinda,0,3,0,0,0,0,36,24,0,0,0,0,121,97,3,7,0,0,52,38,11,16,0,0
41330,Coober Pedy,12,0,3,7,0,0,7,5,25,71,0,0,23,23,66,129,0,7,21,13,207,236,3,3
41560,Copper Coast,0,0,4,12,0,0,3,7,417,479,15,10,34,23,1256,1309,12,15,33,23,1787,1352,17,17
41750,Elliston,0,0,0,0,0,0,0,0,16,39,0,0,0,4,68,110,0,0,7,3,157,137,3,0
42750,Kangaroo Island,0,0,4,4,0,0,0,3,77,116,0,5,3,3,317,387,3,11,5,5,819,643,9,8
37570,Wujal Wujal,0,0,0,0,0,0,18,17,0,0,0,0,29,22,0,4,0,0,28,19,4,5,0,0
37600,Yarrabah,7,6,0,0,0,0,50,56,0,4,0,0,251,278,0,4,0,0,195,198,10,15,0,0
42110,Goyder,0,0,3,3,0,0,3,0,116,139,3,3,9,8,287,355,5,4,8,6,590,467,3,3
40070,Adelaide,0,0,29,40,0,0,4,4,119,118,0,3,18,10,455,470,9,4,34,29,7457,7460,37,31
40120,Adelaide Hills,0,0,28,21,0,0,3,7,377,374,11,4,12,16,1701,1866,20,15,32,32,9229,8462,55,72
40220,Alexandrina,0,0,14,22,0,0,3,6,443,490,8,14,26,22,2093,2052,29,19,45,40,4414,3762,38,26
40250,Anangu Pitjantjatjara,27,33,0,0,0,0,86,83,0,3,0,0,155,154,11,17,0,0,118,88,87,57,3,0
40310,Barossa,0,0,14,18,0,0,6,11,602,505,11,10,11,16,1564,1626,23,14,25,13,4145,3458,33,28
40430,Barunga West,0,0,0,0,0,0,0,3,82,112,3,0,0,3,206,230,0,3,3,4,329,275,0,3
41190,Cleve,0,0,5,3,0,0,0,0,60,58,0,0,3,0,98,110,0,7,0,0,272,215,0,3
41830,Flinders Ranges,3,0,0,5,0,0,11,8,37,50,3,0,13,14,124,128,0,0,21,8,227,152,0,3
41960,Franklin Harbour,0,0,0,0,0,0,0,0,41,47,3,0,0,0,116,128,0,0,3,0,157,135,3,0
42030,Gawler,3,0,28,25,0,0,16,4,544,485,9,10,20,22,1701,1630,22,20,47,28,3974,3218,31,21
42600,Holdfast Bay,3,0,59,86,4,0,5,5,513,383,3,3,13,20,2096,1635,18,9,51,38,8914,8025,40,33
43080,Karoonda East Murray,0,0,0,0,0,0,0,0,46,60,0,0,0,0,72,113,0,5,0,3,151,97,0,0
43220,Kimba,0,0,0,0,0,0,0,0,33,51,0,0,0,0,48,71,0,0,0,4,165,128,0,3
43360,Kingston (SA),0,0,0,0,0,0,0,0,70,80,5,4,5,3,186,224,0,5,3,3,332,257,5,3
43650,Light (RegC),0,0,8,9,0,0,0,3,200,255,3,0,12,8,923,1051,4,3,14,14,2552,2063,15,14
43710,Lower Eyre Peninsula,0,0,6,5,0,0,0,0,64,111,3,3,7,3,295,415,3,4,14,9,845,643,16,9
43790,Loxton Waikerie,0,0,20,17,0,0,3,8,387,446,8,3,21,17,841,991,10,16,22,10,1533,1232,12,9
43920,Mallala,0,0,9,11,0,0,0,10,149,211,3,3,10,14,667,814,5,6,24,20,1250,967,9,13
44000,Maralinga Tjarutja,0,0,0,0,0,0,0,0,0,0,0,0,0,0,0,0,0,0,0,0,9,0,0,0
44060,Marion,0,11,273,205,3,0,18,23,1800,1281,28,19,73,54,4965,4343,48,34,129,123,20903,18655,112,102
44210,Mid Murray,0,3,10,7,0,0,4,7,248,319,3,7,13,21,694,882,9,15,14,17,1100,925,10,11
44340,Mitcham,0,0,114,74,0,4,10,11,825,594,10,5,20,26,2667,2194,15,19,71,57,17510,15865,80,82
44550,Mount Barker,4,0,16,17,3,0,3,0,395,378,10,6,18,25,1864,1919,23,29,41,38,7133,5739,48,39
44620,Mount Gambier,0,0,61,69,0,0,7,12,761,759,11,10,35,31,1822,1902,20,15,68,25,3972,3025,23,14
44830,Mount Remarkable,0,0,3,0,0,0,0,10,79,107,0,3,3,3,201,236,6,12,10,7,414,292,3,3
45040,Murray Bridge,0,3,44,55,0,0,18,17,689,691,13,11,67,54,1562,1637,21,14,86,61,2891,2393,26,23
45090,Naracoorte and Lucindale,0,0,29,126,0,3,3,3,174,200,3,6,8,10,491,654,8,10,12,3,1267,1073,9,13
45120,Northern Areas,0,0,0,3,0,0,3,3,116,133,3,0,7,8,319,378,3,0,10,3,708,562,10,3
45290,Norwood Payneham St Peters,0,6,169,98,3,0,3,4,918,599,12,4,4,11,1252,1008,9,11,42,28,10101,9174,34,47
45340,Onkaparinga,4,9,145,154,10,3,43,29,2358,2112,56,36,160,158,11693,11339,106,93,298,222,31538,27258,192,182
45400,Orroroo/Carrieton,0,0,0,3,0,0,0,0,28,37,0,0,0,0,69,66,0,0,3,0,135,94,3,3
45540,Peterborough,0,0,3,4,0,0,0,3,71,71,0,0,4,5,144,161,4,9,8,3,178,138,0,4
45680,Playford,3,11,584,416,16,6,49,54,1817,1764,27,34,210,197,6305,6326,73,65,284,210,12480,10830,89,83
45890,Port Adelaide Enfield,6,7,1048,999,17,15,54,70,3536,2776,61,27,189,173,6067,5981,45,53,271,207,25344,23772,119,137
46090,Port Augusta,12,15,15,17,0,0,73,76,283,263,4,6,192,171,786,817,8,12,175,85,1554,1185,10,10
46300,Port Lincoln,0,3,15,6,0,4,16,19,345,344,4,4,59,41,945,1061,6,11,52,48,2166,1652,6,8
46450,Port Pirie City and Dists,3,0,22,22,0,0,17,14,645,602,13,13,52,43,1283,1361,11,21,34,22,2239,1806,12,15
46510,Prospect,0,3,84,107,0,3,3,3,418,293,8,9,7,17,699,689,7,3,22,25,5429,5280,17,23
46670,Renmark Paringa,0,0,60,59,0,0,7,12,326,313,6,9,21,15,723,759,6,9,11,10,1242,1067,8,21
46860,Robe,0,0,0,0,0,0,0,0,14,33,0,0,0,0,85,128,0,3,0,4,267,190,0,0
46970,Roxby Downs,0,0,0,4,0,0,0,5,12,10,0,0,8,12,155,305,4,0,3,13,624,627,4,4
47140,Salisbury,6,3,1547,1135,15,8,43,68,3516,3018,41,34,218,169,8644,8797,75,67,283,223,23596,22298,130,144
47290,Southern Mallee,0,0,0,4,0,0,3,0,62,55,0,0,4,5,130,187,0,0,4,3,293,241,3,0
47490,Streaky Bay,0,0,0,4,0,0,0,0,40,76,0,0,0,0,134,189,0,0,4,0,310,277,3,0
47630,Tatiara,0,0,8,47,0,0,0,0,146,194,3,5,10,3,383,540,10,6,3,11,979,804,14,5
47700,Tea Tree Gully,0,6,139,108,3,3,18,16,1698,1303,24,16,57,71,6383,5866,53,45,132,92,20218,18507,86,95
47800,The Coorong,0,0,3,6,0,0,13,11,163,200,3,0,16,29,375,480,5,3,27,12,688,549,5,8
47910,Tumby Bay,0,0,0,5,0,0,6,3,88,95,3,3,5,4,182,213,3,0,3,3,406,307,4,6
47980,Unley,0,0,97,71,0,0,7,3,633,354,12,4,9,7,1349,872,15,3,28,40,11135,10152,46,44
48050,Victor Harbor,0,0,12,15,0,0,5,4,363,349,5,8,14,17,1481,1227,17,9,15,14,2380,2054,32,15
48130,Wakefield,0,0,3,11,0,0,3,0,191,209,4,3,7,15,469,558,0,3,14,13,949,749,11,9
48540,Whyalla,0,3,33,36,3,0,30,20,463,454,11,13,74,75,1490,1491,14,18,94,49,3024,2721,21,36
50770,Boyup Brook,0,0,0,0,0,0,0,0,25,32,0,0,0,0,181,203,3,3,4,0,283,234,3,0
51960,Coolgardie,0,0,5,3,0,0,11,12,21,54,0,0,46,48,308,420,3,7,20,21,381,357,3,4
52030,Coorow,0,0,0,0,0,0,0,0,13,13,0,0,0,3,139,195,0,0,3,3,124,139,3,0
50080,Albany,0,3,38,38,0,0,20,30,533,629,4,10,100,107,3616,3877,35,37,84,90,6553,5159,45,37
50210,Armadale,3,3,194,163,0,9,26,34,745,751,11,13,186,196,6601,7160,48,46,194,147,15537,13822,62,54
50250,Ashburton,8,11,3,23,0,0,12,22,19,67,0,0,74,160,463,1690,8,23,86,111,1224,3259,9,29
50280,Augusta-Margaret River,0,0,8,10,0,0,0,0,97,101,0,3,9,20,988,1239,10,16,29,21,3120,2572,18,18
50350,Bassendean,3,0,39,39,0,0,7,7,269,222,3,3,35,49,1135,1168,10,3,47,26,3362,3045,17,4
50420,Bayswater,3,7,315,249,0,0,16,19,1216,1002,11,12,80,61,4095,4165,27,25,112,109,15897,15450,70,63
50490,Belmont,4,7,170,218,0,4,29,18,688,575,13,10,92,88,2416,2626,18,20,115,96,8664,8726,33,41
50560,Beverley,0,0,4,0,0,0,0,0,22,38,0,0,8,16,180,215,5,4,4,0,245,218,5,7
50630,Boddington,0,0,0,0,0,0,0,3,19,23,0,0,11,15,175,223,7,4,7,8,262,245,4,0
48260,Walkerville,0,0,13,19,0,0,3,0,101,77,0,0,3,0,246,210,6,3,4,6,2109,2050,19,16
48340,Wattle Range,0,0,10,4,0,0,3,4,328,394,0,11,19,20,795,1028,18,14,18,7,1673,1252,21,11
48410,West Torrens,0,0,305,185,3,7,9,5,1569,1104,21,8,39,35,2564,2499,29,15,87,74,14368,13686,57,61
48640,Wudinna,0,0,0,0,0,0,0,0,17,39,0,0,0,3,74,104,0,0,3,0,187,135,0,5
48750,Yankalilla,0,0,4,9,0,0,0,3,81,115,0,0,8,0,421,429,3,0,9,6,888,743,10,8
48830,Yorke Peninsula,0,0,6,7,0,0,12,20,341,427,8,9,25,20,896,1076,11,11,21,18,1487,1220,27,16
49399,Unincorporated SA,0,6,0,6,0,0,30,62,36,84,0,3,45,62,122,279,3,5,43,41,356,460,7,3
50840,Bridgetown-Greenbushes,0,0,5,4,0,0,0,3,56,74,0,3,6,10,528,556,4,0,12,4,812,664,7,5
50910,Brookton,0,0,0,3,0,0,3,5,5,27,0,0,7,11,106,87,0,3,6,6,127,130,3,7
50980,Broome,22,20,11,7,0,0,103,84,68,94,3,0,370,336,666,1018,9,7,492,394,2499,2049,18,8
51260,Busselton,0,0,27,60,0,0,9,9,392,450,8,0,57,48,3529,3574,32,27,59,42,6742,5640,51,39
51310,Cambridge,0,0,30,11,0,0,0,0,184,106,0,3,6,3,1085,767,6,4,15,12,7748,7467,23,27
51330,Canning,0,5,344,275,4,0,10,11,1200,899,12,10,101,63,4901,4836,19,32,95,105,23086,23450,85,76
51400,Capel,0,0,14,10,0,0,9,4,105,131,0,0,46,39,1493,1717,10,11,34,26,3082,2469,12,11
51470,Carnamah,0,0,0,0,0,0,0,0,10,14,0,0,3,0,56,76,0,0,3,0,76,87,0,0
51540,Carnarvon,10,7,11,16,0,0,28,24,82,130,0,0,122,97,357,480,3,10,56,57,700,618,11,8
51610,Chapman Valley,0,0,0,3,0,0,0,0,5,19,0,0,12,0,112,165,0,0,3,5,226,181,3,0
52380,Cue,0,0,0,0,0,0,0,0,0,9,0,0,3,7,16,15,0,0,0,4,20,24,0,0
52450,Cunderdin,0,0,0,0,0,0,0,0,24,29,0,0,6,7,139,136,0,0,0,3,200,237,0,4
51080,Broomehill-Tambellup,0,0,0,3,0,0,6,11,15,23,0,0,12,16,83,98,3,0,10,3,165,157,0,0
51120,Bruce Rock,0,0,0,0,0,0,0,6,17,26,0,0,3,3,83,116,0,4,3,0,143,137,3,0
51190,Bunbury,7,0,49,54,0,0,17,16,608,525,15,11,136,111,3508,3492,45,26,70,72,5347,4401,29,32
51680,Chittering,0,0,6,4,0,0,0,0,35,72,0,0,7,9,550,641,5,7,3,3,873,693,12,6
51750,Claremont,0,0,9,3,0,0,0,0,32,21,0,0,0,0,408,260,3,0,8,9,3137,2831,10,16
51820,Cockburn,4,6,296,221,0,7,32,20,1574,1385,11,18,146,125,7380,7963,60,62,201,151,23035,20727,95,99
51890,Collie,0,0,5,3,0,0,0,12,139,189,6,3,34,44,1007,1110,7,8,19,17,1054,769,6,13
52520,Dalwallinu,0,0,0,0,0,0,0,3,29,24,0,0,11,7,107,129,0,4,3,4,243,264,0,0
52590,Dandaragan,0,0,0,0,0,0,0,0,57,82,0,0,8,8,335,424,5,3,12,3,494,426,0,8
52100,Corrigin,0,0,0,0,0,0,0,0,15,28,3,0,3,0,103,121,3,0,4,0,159,164,4,0
52170,Cottesloe,0,0,0,0,0,0,0,0,41,25,0,0,4,0,220,171,3,0,10,4,2351,2297,5,15
52240,Cranbrook,0,0,0,0,0,0,0,0,16,32,0,0,0,3,104,129,3,3,3,4,166,166,0,0
52310,Cuballing,0,0,0,0,0,0,0,0,6,28,0,0,0,3,84,107,0,0,0,0,118,114,0,0
52660,Dardanup,0,0,10,13,0,0,5,4,145,190,3,0,22,23,1490,1659,11,10,31,19,2219,1807,21,11
52730,Denmark,0,0,0,5,0,0,0,0,50,60,0,0,13,3,522,560,3,4,15,13,1184,1029,15,9
52800,Derby-West Kimberley,79,81,0,5,0,0,109,135,8,36,0,0,446,428,179,266,0,8,402,319,565,465,3,3
52870,Donnybrook-Balingup,0,0,12,11,0,0,3,3,59,103,0,4,15,15,636,741,11,15,10,12,954,737,12,10
64210,Meander Valley,0,0,15,19,0,0,4,13,369,388,6,8,77,68,2547,2687,14,22,56,44,2768,2191,29,36
64610,Northern Midlands,0,0,13,24,0,0,4,5,249,271,0,4,31,44,1683,1905,15,15,33,17,1690,1260,13,4
52940,Dowerin,0,0,0,0,0,0,0,0,10,12,0,0,0,0,88,76,0,0,3,4,95,100,0,3
53010,Dumbleyung,0,0,0,0,0,0,4,0,13,10,0,0,0,0,47,63,0,0,4,0,122,128,0,0
53080,Dundas,0,0,0,0,0,0,0,3,14,13,0,3,12,10,78,95,3,0,3,0,70,82,3,0
53990,Harvey,3,3,25,33,0,0,8,8,309,365,3,8,78,59,2670,3046,21,24,50,41,4198,3358,23,21
53150,East Fremantle,0,0,7,9,0,0,0,0,79,63,0,0,0,0,331,312,3,0,5,5,2121,1903,14,10
53220,East Pilbara,28,19,0,9,0,3,53,75,18,40,0,0,180,236,350,1081,11,21,172,192,955,1965,14,19
53290,Esperance,3,3,5,12,0,0,7,8,167,226,9,8,57,44,1190,1440,14,21,38,25,2171,1796,27,22
53360,Exmouth,0,0,0,0,0,0,0,0,14,30,0,0,3,3,206,315,3,6,4,5,490,416,3,5
53430,Fremantle,0,3,90,67,0,0,8,9,593,432,3,5,40,40,1565,1630,16,14,49,49,7746,6854,36,42
53570,Gingin,0,0,10,19,0,0,3,0,69,107,4,0,11,11,575,700,11,3,12,9,787,669,8,8
53640,Gnowangerup,0,0,0,7,0,0,0,4,8,14,0,0,11,18,107,131,0,0,3,5,189,197,0,0
54060,Irwin,0,0,3,8,0,0,0,3,54,89,0,0,17,12,423,453,0,6,3,3,510,412,8,0
54130,Jerramungup,0,0,0,3,0,0,0,0,9,12,0,0,0,3,68,118,0,3,3,3,202,190,0,0
54170,Joondalup,3,0,132,116,0,0,4,12,1179,914,17,15,77,86,11286,11238,81,76,145,135,37396,35087,157,164
54280,Kalgoorlie/Boulder,7,6,25,39,0,0,26,50,237,305,3,8,266,190,2197,3012,23,20,174,113,4628,4318,26,24
54310,Karratha,12,11,6,14,0,0,43,67,68,77,3,5,281,245,942,1718,13,19,219,203,3306,3360,20,28
54200,Kalamunda,3,3,98,93,0,3,8,4,596,624,9,12,86,82,4829,5244,33,35,119,94,11848,10463,49,38
55950,Mukinbudin,0,0,0,0,0,0,3,0,10,10,0,0,0,3,58,75,0,0,0,0,79,71,0,0
64810,Sorell,3,3,9,18,0,0,4,14,197,224,6,5,77,91,1820,1924,17,18,44,49,2098,1703,15,12
53710,Goomalling,0,0,0,0,0,0,4,0,26,21,0,0,3,3,92,118,0,0,4,0,160,146,0,0
53780,Gosnells,10,8,633,613,3,3,39,49,1719,1657,13,20,267,193,8753,9344,70,46,261,198,23435,22565,105,96
53800,Greater Geraldton,10,7,51,53,3,4,71,77,554,690,11,9,346,276,3271,3756,25,40,337,254,5839,4699,36,31
53920,Halls Creek,44,33,0,4,0,0,108,103,0,13,0,0,232,175,41,47,4,3,111,96,162,138,0,0
54340,Katanning,3,0,61,85,3,0,7,14,102,122,0,3,29,18,315,352,8,6,20,22,510,464,9,0
54410,Kellerberrin,0,0,3,5,0,0,9,0,27,45,0,0,3,9,132,141,0,0,4,0,157,139,0,0
54900,Lake Grace,0,0,3,4,0,0,0,0,13,22,0,0,0,3,102,143,3,0,0,3,215,213,3,0
55880,Mount Marshall,0,0,0,0,0,0,0,0,6,10,0,0,0,3,40,56,0,0,0,0,98,94,0,0
71000,Darwin,20,21,231,186,8,3,146,142,883,859,15,21,450,396,3119,4036,37,43,685,554,17301,16868,103,105
54480,Kent,0,0,0,0,0,0,0,0,4,8,0,0,0,0,35,65,0,0,0,0,91,97,0,0
54550,Kojonup,0,0,0,0,0,0,0,0,24,34,0,0,12,7,148,218,3,3,4,4,351,318,0,4
56620,Ngaanyatjarraku,0,5,0,0,0,0,167,122,0,0,0,0,63,57,16,11,0,0,42,35,50,41,0,0
71300,East Arnhem,60,61,0,0,0,0,506,517,0,5,0,0,517,512,22,27,0,0,650,522,155,132,0,0
54620,Kondinin,0,0,0,0,0,0,4,3,7,20,0,0,5,3,65,114,0,0,0,0,145,135,3,0
54690,Koorda,0,0,0,0,0,0,0,0,4,19,0,0,0,0,38,52,0,0,0,0,66,57,0,0
54760,Kulin,0,0,3,0,0,0,0,0,8,18,0,0,6,0,61,70,0,0,3,3,139,153,0,0
54830,Kwinana,3,3,74,47,0,0,25,21,364,406,7,5,118,86,3059,3376,14,26,85,86,7040,6251,29,27
54970,Laverton,0,0,0,4,0,0,13,8,3,15,5,0,33,41,36,117,0,0,10,10,75,224,0,3
56790,Northampton,0,0,3,0,0,0,5,7,49,78,0,0,13,17,350,454,6,6,13,13,469,412,7,3
72200,Katherine,41,42,3,5,0,0,76,86,62,104,0,3,191,172,401,542,11,11,121,92,1248,1160,15,21
72300,Litchfield,4,5,27,36,0,0,39,46,170,270,9,3,107,141,1335,2414,21,41,184,157,3114,3209,40,38
55040,Leonora,0,5,3,3,0,0,10,4,9,8,0,0,17,18,52,131,0,3,13,11,140,242,3,0
55110,Mandurah,4,0,79,77,0,3,26,29,1264,1237,23,20,176,156,8994,8549,76,60,177,135,13616,11810,95,68
55180,Manjimup,0,0,24,28,0,0,10,0,154,190,4,5,30,23,858,1068,11,14,28,23,1389,1191,8,10
55250,Meekatharra,0,0,0,0,0,0,11,9,4,10,0,0,49,28,39,95,0,3,14,9,95,148,0,0
55320,Melville,5,3,146,122,0,0,15,11,1100,765,15,3,49,51,6142,5031,45,40,93,96,26603,24878,106,107
55390,Menzies,4,10,0,0,0,0,7,12,0,3,0,0,24,23,8,50,0,0,15,16,31,72,0,4
55460,Merredin,0,0,4,19,0,0,4,3,51,68,0,0,29,27,269,357,0,0,12,13,512,504,0,0
55530,Mingenew,0,0,0,0,0,0,0,0,6,11,0,0,0,3,31,55,0,0,9,0,68,72,0,0
56090,Mundaring,3,0,31,33,0,0,8,14,360,379,0,0,63,69,3238,3586,30,18,77,67,7599,6456,44,39
56930,Peppermint Grove,0,0,0,0,0,0,0,0,0,3,0,0,3,0,33,37,0,0,3,0,500,430,6,3
55600,Moora,0,0,0,0,0,3,7,5,33,44,0,0,26,23,173,230,0,0,17,19,365,332,11,0
57210,Plantagenet,0,0,13,26,0,0,4,3,67,93,0,0,19,15,506,558,8,5,13,7,815,711,4,5
57280,Port Hedland,31,15,12,11,0,0,53,44,48,67,5,0,255,225,621,1118,12,14,201,197,2106,2006,16,20
57350,Quairading,0,0,0,0,0,0,4,4,15,27,0,0,12,13,119,110,8,0,4,0,127,122,3,0
57420,Ravensthorpe,0,0,0,6,0,0,4,3,25,33,0,0,4,0,129,229,0,3,3,0,270,257,3,5
57490,Rockingham,7,15,121,77,0,4,31,31,1206,1111,18,15,240,220,11385,11919,94,69,272,251,22011,19249,112,109
55670,Morawa,0,0,0,0,0,0,0,3,11,14,0,0,14,18,34,59,0,0,8,6,110,99,0,0
65010,Southern Midlands,0,0,4,3,0,0,8,16,86,151,3,4,44,47,729,896,15,8,29,19,669,544,6,8
65210,Tasman,0,0,0,0,0,0,3,4,25,71,0,0,16,21,270,310,5,5,10,7,343,276,0,3
65410,Waratah/Wynyard,0,0,13,26,0,0,14,19,273,351,6,4,133,135,1793,1915,22,31,89,60,1603,1192,21,10
65610,West Coast,0,0,4,5,0,0,3,15,71,88,0,0,35,47,572,633,6,13,20,18,392,368,5,6
65810,West Tamar,0,0,23,27,0,3,4,11,266,342,3,11,63,57,2707,2840,26,39,57,45,3777,3148,20,22
56860,Nungarin,0,0,0,0,0,0,0,0,3,0,0,0,3,0,34,27,3,3,0,0,33,37,0,0
70200,Alice Springs,75,68,17,29,0,0,268,207,152,200,7,4,350,245,1020,1281,20,27,353,272,4644,3740,32,29
55740,Mosman Park,0,0,16,10,0,0,0,0,31,30,4,0,3,8,303,264,3,3,5,11,2646,2340,11,7
55810,Mount Magnet,0,0,0,0,0,0,0,4,3,5,0,0,10,11,29,36,0,0,5,0,40,49,0,0
56160,Murchison,0,0,0,0,0,0,0,3,0,3,0,0,6,10,3,6,0,0,3,0,18,15,0,0
56230,Murray,0,4,7,21,0,0,3,4,231,342,4,12,49,38,1900,2089,33,23,34,20,2356,1966,13,22
56300,Nannup,0,0,0,3,0,0,0,0,12,23,0,0,4,5,139,180,0,3,0,0,231,202,4,5
58820,Waroona,0,0,11,12,0,0,3,3,83,83,3,3,14,8,455,521,3,8,6,5,519,449,5,5
56370,Narembeen,0,0,0,3,0,0,0,3,17,18,0,0,5,0,72,99,0,0,0,0,137,128,0,0
58890,West Arthur,0,0,0,3,0,0,0,0,13,19,0,0,3,3,72,103,0,0,0,3,133,125,0,0
56460,Narrogin,0,0,4,6,0,0,8,12,96,87,0,3,38,28,432,484,0,3,25,21,757,648,0,3
56580,Nedlands,0,0,17,9,0,0,0,3,95,61,7,0,0,3,707,454,8,7,9,22,6514,6360,21,25
56730,Northam,0,0,12,15,0,0,22,14,151,186,4,6,73,58,1088,1206,16,9,36,43,1534,1232,9,16
57630,Sandstone,0,0,0,0,0,0,0,0,0,3,0,0,0,0,12,21,0,0,0,0,9,9,0,0
57700,Serpentine-Jarrahdale,0,0,25,22,0,0,3,0,201,256,3,4,34,39,2425,2885,15,13,57,41,4731,3863,16,15
57770,Shark Bay,0,0,0,0,0,0,3,3,3,16,0,0,4,8,81,121,0,0,4,3,147,131,0,0
57840,South Perth,3,0,86,46,0,3,7,5,354,226,4,0,45,39,2123,1646,13,11,58,54,12206,11852,45,38
57910,Stirling,5,11,982,774,3,5,45,34,3645,2900,48,36,216,182,12425,11110,89,83,299,223,53622,50962,230,208
57980,Subiaco,0,0,18,15,0,0,0,4,111,84,0,0,6,8,622,469,7,10,40,33,6344,6125,21,15
58050,Swan,4,16,473,362,6,9,54,55,1715,1531,16,19,328,323,10357,11100,84,88,388,309,26074,23494,129,96
58190,Tammin,0,0,0,0,0,0,4,0,0,12,0,0,11,6,21,36,0,0,0,3,69,62,0,0
58260,Three Springs,0,0,0,0,0,0,0,3,7,10,0,0,4,3,39,62,0,0,0,0,110,75,0,3
57000,Perenjori,0,0,3,4,0,0,0,0,8,6,0,0,5,3,35,91,3,4,5,5,68,128,0,3
57080,Perth,0,0,42,40,0,0,0,0,99,111,0,5,12,22,630,694,0,8,45,41,6657,7302,22,42
57140,Pingelly,0,0,0,0,0,0,4,7,16,31,0,0,25,18,102,135,0,0,6,6,147,118,3,0
58330,Toodyay,0,0,3,0,0,0,0,7,67,88,3,0,11,17,496,584,4,6,8,13,712,622,7,0
74560,Wagait,0,0,0,0,0,0,0,0,4,10,0,0,7,7,29,49,0,0,6,3,96,67,0,3
74660,West Arnhem,70,82,0,0,0,0,219,207,3,10,0,0,318,328,65,96,3,9,308,272,261,254,3,3
58400,Trayning,0,0,0,0,0,0,0,0,13,11,0,0,0,0,31,38,0,0,4,0,33,46,0,0
74680,West Daly,25,28,0,0,0,0,182,173,0,0,0,0,282,236,4,16,0,0,123,111,64,63,0,0
79399,Unincorporated NT,0,3,11,13,0,0,8,12,48,69,3,3,47,56,312,519,8,11,102,83,1131,1155,16,6
58470,Upper Gascoyne,0,0,0,0,0,0,0,3,0,3,0,0,16,12,8,14,0,0,10,3,15,11,0,0
58510,Victoria Park,0,8,111,98,0,0,12,11,432,333,4,8,40,52,1655,1729,13,10,72,75,9363,9370,39,35
58540,Victoria Plains,0,0,0,0,0,0,0,0,8,18,0,0,3,0,90,108,0,0,8,0,137,152,0,3
59330,Wyalkatchem,0,0,3,0,0,0,0,0,13,16,0,0,0,0,48,52,0,0,0,3,75,73,0,0
59340,Wyndham-East Kimberley,51,35,4,9,0,0,72,72,19,72,3,3,251,190,278,489,3,5,179,149,994,812,13,10
59350,Yalgoo,0,3,0,0,0,0,0,0,3,0,0,0,10,3,15,39,0,0,9,5,27,75,0,0
58570,Vincent,0,3,136,85,3,0,0,4,570,330,4,3,16,26,1208,1292,8,4,54,45,9917,9710,32,45
58610,Wagin,0,0,3,4,0,0,0,0,34,36,0,0,6,4,207,207,3,3,0,0,272,228,0,5
58680,Wandering,0,0,0,0,0,0,0,0,3,4,0,0,0,0,49,58,0,0,0,0,64,69,3,0
58760,Wanneroo,7,9,781,628,3,3,36,21,2087,1714,21,23,246,197,13242,14226,107,102,288,237,38993,34800,171,181
59030,Westonia,0,0,0,0,0,0,0,0,0,4,0,0,0,0,18,42,0,0,0,0,46,50,0,0
60610,Burnie,0,7,30,33,0,0,19,24,384,379,11,16,167,131,2495,2431,27,33,138,85,2272,1894,23,5
60810,Central Coast (Tas.),0,3,17,18,0,0,22,35,449,502,13,9,196,203,2952,3014,35,41,142,79,2524,2012,25,20
61010,Central Highlands (Tas.),0,0,3,3,0,0,0,5,40,76,0,0,16,8,258,335,0,5,14,0,245,227,4,0
61210,Circular Head,0,3,4,8,0,0,13,27,128,176,4,5,167,167,914,1111,8,23,100,47,716,526,7,6
61410,Clarence,0,3,56,60,0,0,30,30,802,621,17,22,185,197,6124,5622,62,41,236,180,10034,8892,72,47
61510,Derwent Valley,3,3,10,30,0,0,3,11,185,237,7,3,57,38,1342,1477,13,4,46,27,1099,920,8,13
61610,Devonport,3,3,35,25,0,0,27,30,515,476,18,9,194,193,3475,3299,27,29,156,109,2988,2427,22,22
61810,Dorset,0,0,3,10,0,0,3,7,133,179,3,6,29,27,938,1127,13,12,14,10,753,495,10,7
72800,Palmerston,13,14,52,40,0,0,65,51,241,213,0,0,313,277,1749,2302,16,22,371,308,5923,5243,49,40
73600,Roper Gulf,71,77,0,3,0,0,263,321,13,42,0,0,371,362,72,126,3,4,210,197,210,216,5,3
74050,Tiwi Islands,9,8,0,0,0,0,62,40,0,9,0,0,295,266,12,22,0,0,158,122,71,60,0,0
74550,Victoria Daly,64,58,0,3,0,0,107,94,4,14,0,0,143,118,54,101,0,0,58,66,140,114,3,3
62010,Flinders (Tas.),0,0,0,0,0,0,5,6,12,7,0,0,18,21,81,113,0,0,16,6,131,120,6,0
62210,George Town,0,0,5,10,0,0,0,3,134,168,4,3,31,46,907,978,11,16,28,10,747,602,11,15
62410,Glamorgan/Spring Bay,0,0,14,4,0,0,3,8,77,93,0,3,24,16,572,655,9,6,24,9,580,536,4,7
62610,Glenorchy,6,3,213,160,3,3,39,36,1078,885,27,16,256,234,5399,5103,62,65,245,212,6626,6111,45,47
62810,Hobart,4,0,89,75,0,0,12,6,565,394,8,3,52,46,2764,2487,24,29,150,146,14638,13649,65,79
59100,Wickepin,0,0,0,0,0,0,0,0,10,14,0,0,3,3,62,76,0,0,0,0,123,105,0,0
63010,Huon Valley,0,3,15,12,0,0,22,40,213,260,0,5,202,186,1609,1825,25,26,136,93,2566,2216,26,31
63210,Kentish,0,3,9,13,0,0,5,13,113,154,6,4,37,48,793,897,5,11,24,19,796,594,5,0
63410,King Island,0,0,0,0,0,0,0,3,27,34,0,0,10,6,180,252,3,3,3,4,228,198,4,0
63610,Kingborough,0,0,18,20,0,0,19,14,327,322,4,5,139,163,3165,3002,32,29,165,108,7878,6739,57,45
63810,Latrobe (Tas.),0,0,4,8,0,0,20,22,186,195,3,3,82,90,1592,1663,17,9,39,30,1293,961,7,7
64010,Launceston,4,0,264,212,6,0,50,53,1283,1140,26,13,278,264,7222,7207,83,82,223,177,10905,9487,68,49
59170,Williams,0,0,0,0,0,0,0,0,10,16,0,0,3,4,78,81,0,0,0,0,180,190,0,0
59250,Wiluna,0,0,0,0,0,0,17,20,3,6,0,0,27,21,20,64,0,0,12,6,53,147,0,0
89399,Unincorporated ACT,14,16,762,591,6,6,77,77,3706,2734,37,24,475,452,19512,16569,133,128,1134,1057,111967,107993,463,428
99399,Unincorp. Other Territories,0,0,74,61,0,3,4,7,68,108,0,0,20,16,310,356,4,0,24,11,715,653,10,7
59310,Wongan-Ballidu,0,0,0,0,0,0,0,0,18,23,0,0,12,9,127,154,3,5,8,3,204,218,0,0
59320,Woodanilling,0,0,0,0,0,0,0,0,4,3,0,0,0,0,37,41,0,0,3,0,71,76,0,3
59360,Yilgarn,0,0,0,0,0,0,0,0,23,40,0,0,3,3,102,182,0,0,3,3,126,186,0,3
59370,York,0,3,0,0,0,0,0,8,46,86,3,3,12,8,369,425,5,3,8,4,592,496,7,4
60210,Break O'Day,0,3,3,11,0,0,6,5,118,180,3,0,36,25,750,868,10,11,16,15,792,650,9,6
60410,Brighton,0,3,13,26,0,3,28,31,210,249,3,7,161,155,2028,1988,27,31,148,97,1816,1493,16,20
70420,Barkly,122,130,0,4,0,0,398,378,16,45,0,0,314,292,116,197,3,4,182,162,425,358,7,7
70540,Belyuen,0,0,0,0,0,0,17,22,0,0,0,0,20,25,0,0,0,0,3,4,3,0,0,0
70620,Central Desert,91,59,0,0,0,0,444,376,0,11,0,0,177,146,32,43,0,3,93,84,121,117,0,0
70700,Coomalie,3,0,0,0,0,0,10,13,10,33,0,0,35,21,78,96,9,0,13,18,116,122,3,0
72330,MacDonnell,90,83,3,3,0,0,429,395,3,22,0,4,246,194,37,56,0,3,175,111,212,160,4,0
