lga_code16,lga_name16,nsq_ce_ii_indig_f,nsq_ce_ii_indig_m,nsq_ce_ii_non_indig_f,nsq_ce_ii_non_indig_m,nsq_ce_ii_indig_stat_notstated_f,nsq_ce_ii_indig_stat_notstated_m,nsq_ad_dl_indig_f,nsq_ad_dl_indig_m,nsq_ad_dl_non_indig_f,nsq_ad_dl_non_indig_m,nsq_ad_dl_indig_stat_notstated_f,nsq_ad_dl_indig_stat_notstated_m,nsq_bdl_indig_f,nsq_bdl_indig_m,nsq_bdl_non_indig_f,nsq_bdl_non_indig_m,nsq_bdl_indig_stat_notstated_f,nsq_bdl_indig_stat_notstated_m,nsq_gd_gcl_indig_f,nsq_gd_gcl_indig_m,nsq_gd_gcl_non_indig_f,nsq_gd_gcl_non_indig_m,nsq_gd_gcl_indig_stat_notstated_f,nsq_gd_gcl_indig_stat_notstated_m,nsq_pgdl_indig_f,nsq_pgdl_indig_m,nsq_pgdl_non_indig_f,nsq_pgdl_non_indig_m,nsq_pgdl_indig_stat_notstated_f,nsq_pgdl_indig_stat_notstated_m
10050,Albury,16,5,385,188,0,0,29,15,2094,1371,13,11,16,13,2900,1760,13,0,3,3,542,297,3,4,4,3,576,465,0,0
10130,Armidale Regional,20,8,172,117,0,0,56,19,1032,606,11,3,28,14,1984,1235,12,11,4,3,371,188,3,0,4,10,819,906,0,3
10250,Ballina,9,6,255,115,0,0,43,36,2030,1201,17,5,30,27,2756,1903,11,13,3,0,440,294,0,3,4,4,555,502,0,3
10300,Balranald,0,0,11,5,0,0,3,0,53,24,0,0,6,3,59,32,0,0,3,0,10,0,0,0,0,0,11,9,0,0
10470,Bathurst Regional,23,12,305,142,3,3,55,28,1583,988,7,10,44,14,2324,1360,13,4,15,3,405,220,0,0,5,3,483,455,3,0
10550,Bega Valley,13,3,268,101,3,0,22,9,1407,873,10,9,13,9,1797,1097,12,9,4,0,395,192,7,0,7,5,330,303,0,3
10600,Bellingen,0,3,84,54,0,0,9,5,594,357,4,4,6,5,877,497,13,0,0,0,152,74,0,0,0,0,182,128,5,0
10650,Berrigan,3,0,50,20,3,0,3,3,264,183,0,3,3,0,327,160,0,0,0,0,49,16,0,0,0,0,35,18,0,0
10750,Blacktown,74,30,1754,889,6,0,223,110,12161,10382,49,47,144,69,22506,17477,77,39,26,11,1698,1248,3,3,31,14,6725,7202,26,13
10800,Bland,4,0,54,15,0,0,3,0,159,86,0,0,4,0,214,100,0,0,0,0,24,13,0,0,0,0,24,15,0,0
10850,Blayney,3,0,56,20,0,0,6,3,269,142,0,4,3,0,356,189,0,0,3,0,56,32,0,0,0,0,59,47,0,0
10900,Blue Mountains,3,6,380,241,0,0,79,32,4227,2999,17,16,66,45,6428,4456,30,21,11,6,1309,697,12,3,22,8,2225,1918,3,12
10950,Bogan,0,0,13,10,0,0,10,3,66,36,0,0,3,0,99,49,0,0,0,0,7,5,0,0,0,0,9,7,0,0
11100,Botany Bay,3,3,160,102,0,0,34,13,1910,1559,5,0,25,10,3870,3186,16,9,4,0,327,178,0,3,4,6,1386,1440,3,3
11150,Bourke,7,5,15,3,0,0,24,12,72,43,0,0,15,5,97,42,0,0,0,0,9,3,0,0,0,0,14,7,0,0
11200,Brewarrina,13,14,7,5,0,0,10,4,28,17,0,0,11,0,51,11,0,0,0,0,3,7,0,0,3,0,8,0,0,0
11250,Broken Hill,8,6,137,63,0,0,36,13,465,285,8,4,32,7,567,295,0,0,6,0,109,59,0,0,3,0,122,61,0,0
13910,Hilltops,3,6,133,56,6,0,13,14,673,334,6,5,9,0,756,388,3,0,0,0,92,39,0,7,0,3,98,72,0,0
14000,Hornsby,4,5,490,286,4,5,31,17,6902,5137,40,19,37,22,15095,13102,55,43,4,3,2003,1301,5,8,7,13,5657,6661,21,12
14100,Hunters Hill,0,0,44,20,0,0,3,8,658,387,3,0,3,3,1540,1377,7,5,0,0,206,109,4,0,0,4,564,650,0,4
14170,Inner West,17,8,506,352,5,3,95,49,7507,6057,25,21,120,105,22501,18566,67,46,30,18,3053,1778,9,3,51,28,9775,8091,27,21
14200,Inverell,11,6,105,53,3,0,19,10,518,287,0,0,8,8,638,291,4,4,3,0,80,43,0,0,0,0,57,38,0,0
14300,Junee,3,0,55,28,0,0,6,0,172,95,0,0,4,0,203,118,0,0,0,0,21,12,0,0,0,0,39,8,0,0
14350,Kempsey,34,17,201,126,3,0,75,34,907,480,3,4,36,12,907,537,11,3,6,0,140,67,0,0,4,4,140,94,0,0
14400,Kiama,5,0,117,48,0,0,18,16,1164,860,12,7,20,7,1602,1292,9,5,10,0,356,172,0,0,0,3,422,408,0,0
14500,Ku-ring-gai,0,0,234,142,3,3,10,11,5452,3491,17,11,19,20,15030,13722,40,43,3,0,1785,1126,6,0,8,5,5862,7403,13,18
14550,Kyogle,4,0,69,41,0,0,10,3,351,183,0,3,7,0,375,230,3,0,0,3,69,27,0,0,4,0,47,50,0,0
14600,Lachlan,12,5,42,23,0,0,22,10,161,79,0,0,14,7,210,75,0,0,3,0,46,7,0,0,0,0,18,14,0,0
14650,Lake Macquarie,63,37,1279,565,7,0,220,124,8274,5809,43,21,186,95,10701,7186,41,16,31,8,1570,859,7,0,32,18,2206,2205,3,9
14700,Lane Cove,0,0,82,49,0,0,3,3,1583,1157,6,4,8,9,4972,4403,8,11,0,0,604,380,0,0,0,0,2095,2248,4,6
14750,Leeton,3,0,89,36,0,0,8,3,292,175,0,0,5,3,405,244,10,0,0,0,51,28,0,0,0,0,46,47,0,0
14850,Lismore,33,19,299,196,0,3,68,33,1726,1030,17,11,70,37,2681,1709,18,5,19,8,470,219,7,3,12,3,509,455,3,0
14870,Lithgow,7,7,174,76,0,0,27,15,666,432,5,3,18,9,680,385,13,3,3,3,121,55,0,0,0,0,117,104,0,0
14900,Liverpool,26,9,1059,546,10,3,97,29,7936,6050,33,16,63,27,10562,7921,39,14,5,3,800,492,3,0,9,4,2571,2363,5,7
14920,Liverpool Plains,13,4,58,23,0,0,22,6,227,130,3,3,10,5,250,116,3,0,3,0,34,12,0,0,0,0,32,19,0,0
14950,Lockhart,0,0,28,12,0,0,0,0,107,66,0,0,0,0,128,54,0,0,0,0,26,3,0,0,0,0,17,9,0,0
15050,Maitland,38,19,612,242,3,0,108,46,3012,2032,16,9,82,36,3478,2039,16,4,17,0,516,249,0,0,9,10,652,581,0,4
15240,Mid-Coast,42,28,707,346,10,6,144,56,3649,2110,33,17,79,37,3252,2148,23,7,11,6,584,301,3,3,12,10,498,553,4,0
15270,Mid-Western Regional,13,3,170,97,0,3,34,12,808,444,3,7,18,10,992,581,7,8,3,0,143,69,0,0,0,0,160,98,0,0
15300,Moree Plains,16,13,61,26,0,0,45,7,381,217,5,0,21,14,510,275,3,3,0,0,77,21,0,0,4,3,62,45,0,0
15350,Mosman,0,0,81,19,0,0,3,6,1452,836,7,5,7,3,3908,3472,18,11,0,0,472,245,0,0,0,0,1620,1683,4,5
15520,Murray River,4,0,66,24,0,0,9,6,429,258,0,0,7,0,497,258,0,0,4,0,90,16,0,0,3,0,53,48,3,0
15560,Murrumbidgee,3,0,16,9,0,0,3,3,113,69,0,0,0,0,144,79,0,0,0,0,21,5,0,0,0,0,18,8,0,0
15650,Muswellbrook,12,7,114,55,0,0,20,9,430,307,0,0,14,3,459,266,0,0,6,4,62,29,0,0,0,0,62,75,0,0
15700,Nambucca,19,6,143,83,4,0,28,9,742,389,6,5,15,15,724,491,9,9,0,0,136,67,0,0,0,0,116,97,0,0
15750,Narrabri,14,4,72,33,0,0,19,8,365,193,3,0,13,5,502,274,7,0,3,0,68,29,0,0,0,0,57,67,0,0
15800,Narrandera,4,0,36,28,0,0,9,8,182,83,0,0,6,3,217,87,0,0,0,0,35,14,0,0,0,0,21,16,0,0
15850,Narromine,15,10,34,25,0,0,34,4,171,109,4,0,29,0,262,101,0,0,3,0,30,10,0,0,0,0,21,17,0,0
15900,Newcastle,71,32,798,518,8,6,180,99,6317,4612,35,17,211,125,11888,8936,38,24,19,19,1570,868,6,9,31,27,3255,3219,13,18
15950,North Sydney,0,0,175,94,0,0,7,7,3397,2351,16,3,32,27,10903,9466,22,14,3,4,1279,790,5,0,9,9,4596,4455,7,15
15990,Northern Beaches,3,4,929,538,10,0,76,49,14038,9553,63,52,76,44,24627,21192,87,80,8,8,3119,1788,9,7,16,18,6975,7565,23,13
16100,Oberon,0,3,53,21,0,0,0,0,172,112,0,0,3,0,199,101,0,0,0,0,34,18,0,0,0,0,38,32,0,0
16150,Orange,23,7,243,150,3,0,69,22,1599,967,8,8,41,20,2384,1499,13,9,3,0,382,187,0,3,5,3,480,495,3,3
16200,Parkes,11,4,112,50,0,0,31,7,435,238,3,0,16,4,535,293,0,0,3,0,65,44,3,0,0,0,75,58,0,0
16260,Parramatta,13,13,719,419,6,0,53,33,9180,7753,40,29,43,31,22594,20992,50,48,7,5,2123,1507,5,0,14,12,10048,11100,36,13
16350,Penrith,71,33,1222,535,6,0,211,120,7528,5087,38,26,159,74,8664,5787,37,17,23,9,1026,540,0,0,28,18,2284,2032,12,6
11300,Burwood,0,0,100,68,0,0,9,3,1512,1222,4,5,9,17,3949,3426,11,5,0,0,308,195,4,0,0,0,1677,1586,3,3
11350,Byron,0,5,136,68,3,0,27,12,1779,933,21,9,24,16,2606,1835,32,16,7,0,375,200,9,0,0,4,618,472,9,3
11400,Cabonne,6,5,97,40,0,3,14,0,524,348,4,3,13,0,693,398,8,0,0,3,93,40,3,0,0,0,123,119,0,0
11450,Camden,13,9,508,194,3,0,75,42,3554,2446,20,10,72,22,4215,2629,19,12,7,3,574,276,8,0,9,5,1015,807,0,3
11500,Campbelltown (NSW),56,15,958,480,8,0,198,76,5904,4213,37,22,108,35,7365,5509,23,20,18,5,706,466,5,0,14,5,2232,2371,7,9
11520,Canada Bay,0,0,253,169,0,0,26,8,4036,3020,16,11,31,13,9814,8389,24,18,3,3,1048,687,5,4,5,8,4090,3897,11,8
11570,Canterbury-Bankstown,13,7,1440,764,6,4,86,43,13107,10293,64,33,89,37,20266,17956,57,52,11,10,1730,1162,4,3,22,13,6077,6721,21,6
11600,Carrathool,0,4,15,7,0,0,9,0,80,55,0,0,3,0,119,60,3,0,0,0,16,0,0,0,0,0,9,8,0,0
11650,Central Coast (NSW),125,65,2108,1021,21,10,376,189,14593,9338,119,52,302,137,15943,10898,77,49,38,19,2303,1224,15,9,41,34,3172,3109,23,7
11700,Central Darling,3,3,10,6,0,0,18,4,24,21,0,0,3,0,39,20,3,0,0,0,7,4,0,0,0,0,8,3,0,0
11720,Cessnock,36,20,489,192,3,3,87,35,1690,962,12,6,54,23,1550,842,11,13,5,0,233,105,0,0,7,0,251,205,0,0
11730,Clarence Valley,23,25,377,184,3,0,97,27,1765,1084,16,14,44,20,1890,1158,14,10,10,8,295,184,4,3,15,8,272,278,0,5
11750,Cobar,3,3,32,5,0,0,8,4,114,46,0,0,12,0,135,97,5,0,0,0,15,11,0,0,0,0,23,22,0,0
11800,Coffs Harbour,41,22,591,277,3,3,117,56,3320,1914,26,13,99,44,3861,2584,24,14,8,4,582,337,3,0,18,8,634,587,3,3
12000,Coolamon,0,0,29,16,0,0,0,4,138,75,0,0,4,3,181,75,0,0,0,0,26,6,0,0,3,0,23,21,0,0
12150,Coonamble,10,0,20,5,0,0,22,3,84,44,0,0,7,3,124,55,0,0,0,0,18,0,0,0,0,0,22,3,0,0
12350,Cowra,10,0,93,45,0,0,27,5,427,204,3,5,12,4,461,248,3,0,0,0,68,32,0,0,0,3,45,48,0,0
12380,Cumberland,14,7,823,472,6,0,61,24,7737,6669,29,40,39,19,13527,12614,26,35,4,0,958,751,0,0,7,8,4554,5476,14,13
12700,Dungog,5,3,53,24,0,0,17,5,401,234,4,3,10,5,407,222,3,3,0,0,66,30,0,0,0,0,70,62,0,0
12730,Edward River,0,3,55,31,0,0,10,3,315,176,0,0,4,3,360,195,0,0,0,0,63,18,0,0,0,0,51,40,0,0
12750,Eurobodalla,17,12,229,138,0,0,40,34,1574,999,8,8,42,16,1678,1197,15,8,3,3,384,222,3,3,9,4,351,345,0,0
12850,Fairfield,8,13,1000,512,3,4,40,16,6513,4905,37,24,22,9,7902,6835,28,19,4,4,501,267,0,7,3,0,1377,1224,0,5
12870,Federation,5,0,99,34,0,0,5,3,421,244,5,0,4,0,436,217,0,0,0,0,69,34,0,0,0,0,63,37,0,0
12900,Forbes,0,0,76,31,0,0,29,10,311,170,3,0,20,6,379,190,0,0,5,0,48,28,0,0,0,0,55,33,0,0
12930,Georges River,3,0,511,289,4,3,43,16,6617,5129,22,15,30,24,13170,11728,42,29,3,0,1133,769,12,4,12,10,4802,5094,7,11
12950,Gilgandra,3,3,26,14,0,0,17,7,120,51,0,0,7,3,170,53,3,0,0,0,16,0,0,0,0,0,20,14,0,0
13010,Glen Innes Severn,5,8,63,43,0,0,11,0,330,176,0,0,8,4,312,172,0,3,0,0,45,22,0,0,0,0,55,35,0,0
13310,Goulburn Mulwaree,13,3,172,99,3,0,23,17,1235,778,7,6,29,8,1145,746,4,3,3,0,211,126,0,3,3,3,260,229,3,0
13340,Greater Hume Shire,0,0,64,34,5,0,7,3,439,251,0,4,3,3,444,248,0,0,0,0,72,22,0,0,0,0,73,49,0,0
13450,Griffith,14,9,147,57,0,0,30,10,739,427,5,5,10,4,975,630,4,0,0,0,136,66,0,0,0,0,140,141,0,0
13510,Gundagai,3,3,94,36,0,0,12,5,393,237,3,0,5,0,410,233,3,0,0,0,62,21,0,0,0,0,55,41,3,0
13550,Gunnedah,20,4,68,38,0,0,32,3,411,201,3,0,14,4,477,274,6,0,5,0,68,27,0,0,5,0,56,51,0,0
13660,Gwydir,0,0,26,14,0,0,3,0,182,90,7,0,0,4,204,99,0,0,0,0,26,10,0,0,0,0,20,15,0,0
13800,Hawkesbury,19,12,441,162,0,3,66,44,2904,1802,18,5,59,13,3053,1636,15,8,11,7,476,211,0,0,17,13,702,540,5,4
13850,Hay,3,3,28,8,0,0,0,3,88,52,3,3,3,0,90,46,0,0,0,0,13,5,0,0,0,0,10,11,0,0
16380,Port Macquarie-Hastings,32,26,585,266,3,6,112,54,3592,2169,32,17,56,27,3716,2593,21,10,12,4,633,342,6,3,10,6,670,665,6,0
16400,Port Stephens,34,16,495,240,7,0,85,43,2908,2007,23,7,61,26,2739,1769,13,14,7,7,388,227,0,0,7,3,508,521,7,0
16490,Queanbeyan-Palerang Regional,19,4,305,148,3,0,62,37,2452,1921,8,12,53,25,3667,2583,19,14,16,3,780,461,0,0,12,9,1198,1499,5,7
16550,Randwick,22,5,379,227,3,0,42,33,5786,4004,28,14,85,32,16196,13194,50,44,12,6,1641,942,7,0,18,14,6374,6214,20,12
16610,Richmond Valley,19,9,176,83,3,4,32,7,713,339,3,0,24,3,678,354,8,3,3,0,86,51,3,3,6,3,79,78,3,0
16650,Rockdale,5,0,415,227,0,0,34,28,4777,4005,20,15,31,20,9283,8203,24,24,7,0,728,505,3,3,10,12,3311,3287,3,7
16700,Ryde,9,0,380,208,3,3,22,13,5174,3991,28,17,23,15,13029,11622,25,30,6,0,1260,724,3,3,7,3,5780,5776,6,11
16900,Shellharbour,17,19,506,208,0,3,104,54,2679,1855,12,7,48,16,2542,1564,11,11,7,0,409,188,3,0,9,4,490,415,4,0
16950,Shoalhaven,48,42,722,318,6,3,162,71,4061,2708,34,19,105,46,4056,2728,22,15,23,8,849,411,10,6,17,12,914,844,0,4
17000,Singleton,4,8,192,80,3,0,28,10,727,522,5,5,14,3,870,545,5,0,0,0,134,51,0,0,4,0,136,136,0,0
17040,Snowy Monaro Regional,7,3,159,73,4,0,13,12,843,535,8,3,8,3,1069,705,5,3,3,0,168,94,0,0,3,4,213,202,3,0
17080,Snowy Valleys,4,3,114,42,0,0,18,3,525,278,4,3,12,3,523,338,3,0,3,0,78,38,0,0,0,0,66,54,0,0
17420,The Hills Shire,9,3,634,284,3,3,30,25,7812,5874,33,21,36,11,14964,12871,42,33,3,3,1607,1053,4,0,12,6,4835,5905,16,10
17550,Tweed,19,16,494,247,3,0,126,49,4073,2428,27,18,106,55,4463,2866,22,10,21,0,722,386,6,0,18,9,794,710,5,7
17620,Upper Hunter Shire,9,0,90,39,0,0,22,7,477,268,5,10,10,3,602,291,3,3,0,0,71,35,0,0,0,0,81,56,0,0
17640,Upper Lachlan Shire,0,0,50,24,0,3,3,0,347,194,0,0,3,0,335,192,3,3,4,0,73,29,0,0,0,0,64,63,0,3
17650,Uralla,11,3,37,29,0,0,3,3,264,159,3,0,3,0,341,177,3,0,4,0,55,38,0,0,0,4,90,86,0,0
17750,Wagga Wagga,25,20,432,252,5,0,92,40,2249,1434,9,4,77,31,3736,2192,16,11,9,3,514,282,0,0,10,4,702,720,0,0
17850,Walcha,0,0,29,8,0,0,0,3,115,71,0,0,0,0,134,76,0,0,0,0,23,11,0,0,0,0,15,15,0,0
17900,Walgett,10,7,18,22,0,0,26,15,141,116,4,0,19,6,210,92,0,0,6,0,26,11,0,0,0,0,35,13,0,0
17950,Warren,4,0,16,4,0,0,5,0,92,37,0,0,3,0,122,59,3,4,0,0,16,3,0,0,0,0,8,7,0,0
18020,Warrumbungle Shire,4,8,66,44,0,3,15,12,271,148,3,0,12,0,360,182,3,0,0,0,59,15,0,0,3,0,49,42,0,0
18050,Waverley,0,0,131,90,0,0,6,4,3073,2088,17,19,16,30,9330,7991,30,24,0,0,789,590,3,0,4,3,3157,2987,13,9
18100,Weddin,0,0,34,16,0,0,4,3,128,68,0,0,0,0,158,70,0,0,0,0,19,9,0,0,0,0,19,10,0,0
18200,Wentworth,4,6,35,21,0,0,10,5,214,134,3,0,12,0,253,129,0,3,0,0,38,15,0,0,3,0,31,10,0,0
18230,Western Plains Regional,82,24,330,129,8,4,192,71,1640,931,11,6,128,35,2513,1357,25,11,12,11,365,183,4,0,10,4,430,353,0,0
18250,Willoughby,0,0,175,85,0,0,7,3,3262,2251,11,7,7,10,9692,8868,25,16,7,0,1012,662,3,3,3,5,4085,4230,11,13
18350,Wingecarribee,5,3,309,127,0,0,34,23,2497,1493,13,4,24,15,3060,2256,22,11,6,0,538,310,0,0,8,3,838,910,5,3
18400,Wollondilly,16,5,330,127,5,3,61,26,2145,1232,18,6,43,17,2083,1203,15,5,11,3,310,143,3,0,8,5,543,365,3,7
18450,Wollongong,40,26,1241,602,14,0,179,107,8447,6185,43,28,163,68,12101,9620,67,33,28,16,1994,1089,8,0,43,23,3975,4045,10,6
18500,Woollahra,0,0,96,64,0,0,3,0,2413,1402,11,11,20,11,8108,6963,33,29,0,0,783,465,4,0,5,0,2873,3066,4,13
18710,Yass Valley,3,3,79,35,3,0,7,5,656,519,6,3,12,5,1154,745,7,8,4,0,247,128,0,0,5,0,349,339,0,0
19399,Unincorporated NSW,0,0,5,5,0,0,3,0,37,25,0,0,0,0,50,25,0,0,0,0,3,0,0,0,0,0,6,4,0,0
20110,Alpine,0,3,79,40,0,0,5,0,593,377,8,0,0,0,696,412,3,4,0,0,179,82,0,0,3,0,116,97,0,0
20260,Ararat,0,0,59,43,0,0,0,0,459,301,9,3,0,0,483,255,5,3,0,0,114,44,0,0,0,0,57,40,0,0
20570,Ballarat,22,7,645,286,3,3,30,25,4060,2818,26,10,35,13,6225,4232,34,14,11,0,1481,777,3,5,3,3,1406,1311,9,9
20660,Banyule,3,7,384,224,0,0,27,17,5294,4285,31,20,23,18,11242,9197,44,25,9,3,2423,1312,13,4,3,3,3691,3749,14,16
20740,Bass Coast,3,0,200,88,0,0,15,6,1515,901,14,11,3,4,1538,966,16,3,3,0,388,187,4,3,0,3,293,234,0,0
20830,Baw Baw,3,0,321,122,0,0,14,10,2180,1279,13,10,16,0,2355,1371,18,9,3,0,589,276,3,3,0,0,440,356,0,4
20910,Bayside,3,0,261,136,3,0,8,8,4755,3554,37,25,10,8,10799,9770,47,26,3,3,1956,1095,15,3,3,7,3318,3666,3,8
21010,Benalla,4,3,111,38,3,3,8,3,618,417,3,3,9,0,593,335,4,0,3,0,150,65,0,4,0,0,108,68,0,0
21110,Boroondara,3,0,331,196,4,0,15,14,7027,5052,39,18,24,22,22017,19678,71,76,5,7,3811,2230,7,7,4,13,7931,9025,26,30
21180,Brimbank,5,7,761,524,4,3,21,20,6647,5887,59,46,19,13,10382,8683,54,36,3,3,1118,593,4,0,3,0,2143,2233,10,7
21270,Buloke,0,0,44,21,0,0,3,0,204,111,0,0,0,0,262,114,5,0,0,0,55,22,0,0,0,0,23,18,0,0
21370,Campaspe,4,4,233,94,4,0,32,14,1382,753,22,3,10,0,1462,750,6,4,3,3,313,127,0,0,0,0,188,100,0,0
21450,Cardinia,4,0,581,237,6,0,36,23,4415,2743,13,15,20,4,4396,2664,17,13,3,0,863,379,6,0,3,0,849,761,0,0
21610,Casey,7,8,1435,814,7,5,52,35,13255,10221,81,53,31,17,15354,11570,77,30,4,3,2131,1129,6,3,5,9,3924,4011,6,7
21670,Central Goldfields,0,4,80,51,0,0,3,0,428,218,3,0,4,0,397,193,5,0,0,0,67,40,0,0,0,0,47,53,0,0
21750,Colac-Otway,6,0,112,76,0,0,11,3,872,514,15,6,0,3,910,534,13,3,0,0,169,90,0,0,0,5,159,107,3,0
21830,Corangamite,0,3,86,52,0,0,3,3,572,330,9,3,3,0,693,340,3,3,0,0,134,59,0,0,0,0,72,64,0,0
21890,Darebin,9,8,444,292,3,3,44,21,5523,4757,28,23,63,38,14062,11553,47,35,7,3,2876,1436,10,3,19,17,5503,4589,19,10
22110,East Gippsland,13,3,312,125,0,3,26,10,1941,1194,14,5,12,12,1909,1054,12,6,4,0,467,189,7,0,0,0,278,247,3,0
22170,Frankston,8,6,757,367,5,5,53,33,6624,4398,21,20,41,17,6846,4453,31,14,6,6,1359,654,5,0,7,6,1306,1100,8,0
22250,Gannawarra,3,0,72,31,0,3,4,5,357,181,0,0,0,0,382,162,3,3,0,0,66,28,0,0,0,0,31,23,0,0
22830,Greater Shepparton,17,7,340,170,4,0,70,31,2375,1451,24,5,41,14,2690,1586,17,9,6,3,650,298,5,3,5,0,463,446,3,3
22910,Hepburn,0,0,67,51,3,0,4,0,795,499,4,7,3,3,979,635,4,3,3,3,260,133,0,3,0,3,286,238,0,7
22980,Hindmarsh,0,0,41,27,0,0,0,0,228,96,0,0,3,0,214,106,3,0,0,0,42,13,0,0,0,0,31,17,0,0
23110,Hobsons Bay,0,3,299,162,0,0,24,5,3584,2875,17,18,12,14,6977,5617,23,22,5,3,1368,668,5,3,6,0,2209,1976,10,3
23190,Horsham,3,4,122,69,3,0,14,7,855,507,7,0,3,4,996,471,6,3,0,0,229,87,0,0,0,0,156,125,0,0
23270,Hume,17,3,919,557,4,3,39,29,7779,5840,46,30,27,5,8999,6983,41,25,6,3,1394,655,0,7,5,4,2214,2256,16,8
23350,Indigo,3,0,94,52,0,0,11,0,786,490,3,0,12,4,982,537,6,5,0,0,268,134,3,0,3,0,227,155,0,5
23430,Kingston (Vic.),3,0,536,336,3,0,24,15,7254,5796,38,35,30,15,12202,9411,46,31,4,5,2092,1138,4,0,3,5,3367,3110,8,6
23670,Knox,8,4,641,369,5,3,22,11,7449,5570,28,18,7,13,11041,8787,38,29,0,0,1762,979,7,6,5,3,2781,2912,11,4
23810,Latrobe (Vic.),11,7,498,243,4,0,29,17,2630,1745,10,9,9,12,2940,1699,16,11,3,9,596,284,0,0,3,5,471,427,0,0
23940,Loddon,0,0,50,14,0,0,5,0,255,157,0,3,0,0,275,135,3,0,0,0,69,25,0,0,0,0,26,20,0,0
24130,Macedon Ranges,0,0,251,91,0,0,11,8,2163,1613,13,12,8,10,3183,2157,24,7,5,0,805,398,3,3,0,0,739,702,10,3
24210,Manningham,0,0,323,155,0,0,6,11,5194,4245,27,19,10,4,11272,10158,46,39,0,0,1658,1037,6,0,0,0,3339,3896,19,11
24250,Mansfield,0,0,49,24,0,0,3,0,409,228,4,0,0,0,467,266,8,0,0,0,113,45,0,0,0,0,81,73,0,0
24330,Maribyrnong,0,4,238,184,0,0,9,24,3079,3006,11,13,18,21,8174,7379,33,27,6,0,1445,806,0,3,19,9,2747,2754,4,9
24410,Maroondah,3,0,448,255,3,0,20,9,5498,4109,17,18,19,16,8478,6269,28,17,7,0,1679,967,6,0,3,0,2113,2109,3,7
24600,Melbourne,0,0,260,186,0,4,16,12,4667,4390,21,28,39,36,19675,18270,89,86,3,6,1999,1278,3,0,6,9,8134,7403,26,24
24650,Melton,12,4,666,345,8,6,51,19,5325,3872,31,16,18,9,7034,4850,33,12,8,6,959,459,3,3,0,3,1459,1446,4,5
24780,Mildura,33,9,350,185,3,3,46,17,1865,1138,16,4,29,11,2163,1209,15,4,14,3,412,187,0,0,4,0,276,203,0,3
24850,Mitchell,4,0,280,126,3,4,20,12,1718,1043,21,4,8,0,1557,839,3,4,3,0,356,152,3,0,3,0,259,249,0,0
24900,Moira,3,3,182,78,0,0,13,6,1070,616,8,9,7,7,1009,513,6,3,0,0,215,83,0,0,0,0,135,77,0,0
24970,Monash,0,0,455,277,0,0,14,7,7789,6499,38,29,17,10,18035,16611,50,51,3,4,2373,1542,7,0,11,5,6813,7884,8,20
25060,Moonee Valley,3,0,356,227,4,0,16,18,4776,3908,27,21,31,12,11284,9158,39,30,4,0,2062,1090,3,3,9,8,3311,3168,7,5
25150,Moorabool,0,0,168,73,0,0,16,9,1403,881,9,4,6,7,1545,877,7,6,3,0,370,156,0,0,0,0,350,265,3,0
25250,Moreland,6,8,457,315,0,3,34,21,5990,5328,37,18,64,37,15880,13417,51,45,15,5,3026,1654,9,6,27,3,6128,5483,15,19
25340,Mornington Peninsula,12,3,772,385,4,3,50,24,7989,5483,54,29,28,23,9042,6395,34,29,3,4,1970,1022,3,3,10,3,1784,1707,12,10
17100,Strathfield,0,0,126,54,0,0,3,4,1505,1281,12,7,3,4,4298,4359,11,17,0,0,324,240,3,0,0,0,1640,2051,5,0
17150,Sutherland Shire,9,8,1060,527,5,0,109,84,11764,8581,63,31,100,63,16505,12672,61,38,22,10,2255,1294,4,0,31,13,4186,4284,8,12
17200,Sydney,22,14,439,371,0,0,83,65,8098,8066,41,48,126,130,28790,27961,102,90,18,14,2384,1993,8,7,34,37,11780,12058,41,36
17310,Tamworth Regional,61,25,467,184,3,3,154,63,2187,1292,14,6,102,28,2715,1565,15,4,8,3,434,193,3,0,10,5,454,374,5,0
17350,Temora,0,0,48,29,0,0,7,5,181,98,3,0,0,0,257,131,3,3,0,0,39,16,0,0,0,0,26,12,0,0
17400,Tenterfield,5,7,55,26,0,0,4,5,230,138,3,0,10,4,245,137,0,0,0,0,39,23,0,0,0,0,35,25,0,0
22310,Glen Eira,0,0,312,187,0,4,8,10,6322,4763,36,24,23,13,16410,14521,52,35,3,3,2752,1527,6,5,5,5,5723,5620,15,14
22410,Glenelg,0,4,142,73,0,4,11,10,741,375,7,0,4,5,717,367,6,3,3,0,165,67,3,0,0,0,82,74,0,0
22490,Golden Plains,0,0,127,71,3,0,3,4,932,633,0,7,10,3,1058,587,4,6,3,0,262,133,3,0,0,0,198,133,0,0
22620,Greater Bendigo,17,15,671,357,4,4,58,21,4251,2940,18,26,46,14,6169,3846,44,18,18,0,1486,746,11,8,9,10,1182,970,5,6
22670,Greater Dandenong,7,3,566,399,3,3,21,6,5380,5271,37,30,6,9,7633,7084,24,31,3,0,801,487,0,0,0,0,2173,2323,0,4
22750,Greater Geelong,23,7,1147,649,7,3,72,40,10565,7437,65,52,65,37,14673,10284,69,39,11,4,2994,1445,10,8,12,9,3053,3047,10,13
25430,Mount Alexander,0,0,92,38,0,0,3,5,861,551,9,8,7,3,1308,851,17,7,0,0,406,208,0,0,0,0,430,311,3,0
25490,Moyne,3,3,82,50,0,0,0,3,732,438,10,6,5,0,878,452,3,4,0,3,189,72,0,0,3,0,150,109,0,0
25620,Murrindindi,8,0,72,36,0,0,11,4,623,430,11,6,7,0,654,382,3,3,0,0,149,85,0,0,0,0,122,91,0,0
25710,Nillumbik,0,0,219,105,0,0,13,9,2969,2365,21,13,9,10,5260,3985,29,10,3,0,1224,678,9,4,7,0,1368,1374,5,7
25810,Northern Grampians,0,0,82,52,0,0,3,0,435,254,6,4,3,0,483,238,0,0,0,0,82,42,0,3,0,0,56,46,0,0
25900,Port Phillip,3,0,260,205,0,3,12,14,4648,3778,21,12,25,23,13556,11871,48,36,11,3,2245,1203,6,4,18,3,5152,4584,15,14
25990,Pyrenees,3,0,40,28,0,0,10,0,300,158,3,3,0,0,278,141,0,0,0,0,62,26,0,0,0,0,46,25,0,0
26080,Queenscliffe,0,0,10,3,0,0,0,0,189,139,4,3,0,0,294,216,3,0,0,0,71,34,0,0,0,0,70,84,0,0
26170,South Gippsland,0,3,172,79,0,0,7,6,1210,714,7,3,8,3,1347,765,9,3,0,0,322,129,0,0,0,0,237,171,0,0
26260,Southern Grampians,4,3,127,54,0,3,0,3,643,417,8,4,3,0,858,431,3,0,3,0,160,75,0,0,0,0,115,120,0,0
26350,Stonnington,0,0,235,128,3,0,13,12,4743,3444,25,14,20,23,15394,13630,51,31,7,3,2075,1225,4,7,10,12,5044,5277,11,12
26430,Strathbogie,0,0,57,21,0,0,6,3,487,290,7,6,0,0,499,275,5,4,0,0,113,41,0,0,0,0,68,66,0,0
26490,Surf Coast,0,0,135,63,0,0,5,5,1526,1161,11,3,10,3,2531,1913,11,9,0,0,505,260,0,0,3,0,559,503,7,0
26610,Swan Hill,8,3,115,48,0,0,16,9,633,434,5,5,10,4,752,381,3,3,0,0,148,57,0,0,0,0,81,48,0,0
26670,Towong,3,0,52,21,0,0,4,0,288,155,3,0,0,3,265,140,0,0,0,0,54,27,0,0,0,0,40,35,0,0
26700,Wangaratta,5,5,158,95,0,0,11,7,1311,807,10,4,5,3,1489,821,12,3,3,0,337,181,4,3,0,0,236,182,3,0
26730,Warrnambool,8,3,213,93,3,0,13,9,1405,833,11,9,3,3,1919,1185,9,0,3,3,397,187,0,0,0,0,304,260,0,0
26810,Wellington,10,0,252,133,0,0,12,8,1652,1051,10,4,11,9,1884,995,21,11,5,3,427,179,3,3,5,3,288,210,3,0
26890,West Wimmera,0,0,26,23,0,0,0,0,164,99,6,0,0,0,186,62,3,0,0,0,29,11,0,0,0,0,23,12,0,0
26980,Whitehorse,3,0,421,274,3,0,10,10,7479,6181,33,22,13,14,17003,14557,57,42,3,3,2914,1716,7,8,3,3,5800,6208,22,21
27070,Whittlesea,12,7,901,476,0,4,62,28,8332,6235,43,29,49,18,11030,8364,49,35,10,7,1532,745,6,0,6,12,2924,3122,8,4
27170,Wodonga,10,3,304,149,0,5,33,15,1737,1237,7,6,13,15,1814,1038,6,5,0,0,410,202,0,0,3,0,333,274,0,0
27260,Wyndham,9,11,824,532,4,3,68,29,8925,7313,42,29,33,21,14013,11226,49,37,9,0,1698,1133,9,0,7,0,5404,6247,19,10
27350,Yarra,3,0,197,143,0,0,17,11,3152,2688,20,12,35,32,12571,11304,36,34,10,4,2171,1248,10,6,12,4,5086,4495,18,12
27450,Yarra Ranges,7,8,774,390,7,3,54,20,7752,4917,46,25,42,19,8621,5726,35,26,3,3,1935,946,12,3,4,3,1795,1529,9,3
27630,Yarriambiack,0,0,46,21,0,0,0,0,264,137,5,5,0,0,239,111,0,0,0,0,46,18,0,0,0,0,20,16,0,0
29399,Unincorporated Vic,0,0,3,3,0,0,0,0,34,31,0,0,0,0,54,43,0,0,0,0,11,3,0,0,0,0,15,10,0,0
30250,Aurukun,3,7,0,0,0,0,13,3,4,5,0,0,5,0,6,10,0,0,0,0,0,0,0,0,0,0,3,0,0,0
30300,Balonne,6,3,21,7,0,0,19,3,151,97,6,3,9,0,206,90,3,0,3,0,29,9,0,0,0,0,17,12,0,0
30370,Banana,3,4,79,47,3,0,17,4,349,219,4,0,7,0,563,268,5,0,0,0,87,28,0,0,0,0,63,52,0,0
30410,Barcaldine,0,3,18,9,0,0,3,3,68,45,0,0,6,0,141,56,0,0,0,0,17,6,0,0,0,0,12,15,0,0
30450,Barcoo,0,0,3,3,0,0,0,0,8,6,0,0,0,0,12,3,0,0,0,0,0,0,0,0,0,0,0,0,0,0
30760,Blackall-Tambo,0,0,10,3,0,0,0,3,69,35,0,0,0,0,86,20,0,0,0,0,10,11,0,0,0,0,5,4,0,0
34710,Longreach,0,3,31,20,0,0,7,4,127,99,0,0,0,0,219,80,3,0,0,0,43,9,0,0,0,0,31,21,0,0
34770,Mackay,46,16,693,297,4,4,122,45,3367,2199,31,8,70,17,4928,2458,22,12,24,4,689,322,6,0,7,4,606,516,3,0
34800,McKinlay,0,0,6,0,0,0,0,0,20,13,0,0,0,0,36,25,0,0,0,0,3,0,0,0,0,0,4,3,0,0
34830,Mapoon,7,9,0,0,0,0,3,0,0,0,0,0,3,0,0,4,0,0,0,0,3,0,0,0,0,0,0,0,0,0
34860,Maranoa,11,9,71,47,0,0,25,11,440,296,0,0,8,3,613,273,3,3,0,4,74,22,0,0,0,0,71,33,0,0
34880,Mareeba,25,16,97,59,0,0,39,20,672,422,16,3,27,7,862,482,4,3,7,0,103,50,0,0,3,0,144,121,0,0
35010,Moreton Bay,97,69,2392,1419,20,10,417,193,18567,12853,101,67,271,116,20741,12949,83,52,55,12,3462,1848,19,3,44,22,3640,3578,12,8
35250,Mornington,3,4,0,0,0,0,8,0,0,7,0,0,3,0,29,14,0,0,3,0,3,4,0,0,0,0,0,3,0,0
35300,Mount Isa,24,12,69,44,0,0,53,17,412,278,4,3,37,7,828,446,5,0,11,4,122,42,0,0,4,3,150,109,0,0
35600,Murweh,4,3,22,11,0,0,10,0,107,70,3,0,7,0,207,74,0,0,0,0,31,6,0,0,0,0,18,12,0,0
35670,Napranum,5,7,0,0,0,0,13,3,0,0,0,0,3,0,0,3,0,0,0,0,0,0,0,0,0,0,0,0,0,0
35740,Noosa,5,3,284,126,5,0,33,25,2888,1822,16,8,19,9,3211,2329,30,9,0,0,561,298,6,3,0,3,667,657,6,0
35760,North Burnett,8,6,65,41,0,0,11,3,294,160,0,0,5,3,327,157,3,4,7,0,54,14,0,0,0,0,31,26,0,4
35780,Northern Peninsula Area,35,28,3,0,0,0,83,16,16,13,0,0,26,7,30,22,0,0,5,0,4,6,0,0,3,0,4,5,0,0
35790,Palm Island,31,37,0,0,0,0,23,15,0,9,0,0,9,3,25,9,0,0,3,0,8,3,0,0,0,0,9,4,0,0
35800,Paroo,7,0,6,3,0,0,13,3,46,27,0,0,0,0,47,13,0,0,0,0,14,3,0,0,0,0,7,5,0,0
36070,Pormpuraaw,5,4,0,0,0,0,5,0,4,8,0,0,0,0,9,3,0,0,0,0,0,0,0,0,0,0,3,0,0,0
36150,Quilpie,0,0,0,4,0,0,3,0,20,17,0,0,5,0,36,15,0,0,0,0,4,0,0,0,0,0,5,0,0,0
36250,Redland,32,13,848,427,0,0,107,52,7141,4977,30,29,81,39,7822,5385,40,18,17,4,1289,711,4,3,27,10,1518,1540,5,4
36300,Richmond,0,0,7,3,0,0,0,0,24,20,0,0,0,0,37,9,0,0,0,0,9,0,0,0,0,0,4,3,0,0
36370,Rockhampton,67,33,496,330,0,0,129,51,2206,1395,12,8,93,33,3453,1933,12,7,18,10,533,281,3,0,6,5,500,592,6,4
36510,Scenic Rim,19,11,254,120,3,0,32,21,1684,1018,23,3,22,8,1805,1029,14,11,3,0,302,151,0,0,0,3,352,314,3,0
36580,Somerset,11,3,169,105,0,0,23,19,845,517,10,3,6,0,775,422,8,5,4,0,147,55,0,0,0,0,110,83,3,0
36630,South Burnett,18,10,245,129,0,3,42,22,1081,597,6,4,25,15,1124,542,5,4,8,3,162,74,4,0,0,0,146,103,0,0
36660,Southern Downs,14,17,225,127,4,0,29,17,1194,705,13,3,24,7,1372,775,6,0,0,0,208,111,0,0,3,3,196,187,4,0
36720,Sunshine Coast,31,26,1610,872,11,5,195,96,14493,9554,75,43,165,88,17785,11475,83,33,25,19,3001,1551,7,4,27,29,3341,3104,12,17
36820,Tablelands,20,3,128,86,0,0,51,15,954,529,14,6,15,13,1120,594,10,7,3,0,164,94,0,0,0,0,180,181,0,3
36910,Toowoomba,47,39,912,579,9,3,134,61,5969,3996,43,17,114,53,8890,5623,36,24,30,10,1374,704,5,0,27,8,1828,1895,6,10
36950,Torres,44,15,3,5,0,0,76,27,34,41,0,0,40,15,105,65,0,0,5,4,21,11,0,0,4,0,39,15,0,0
36960,Torres Strait Island,86,68,0,3,0,0,82,34,4,3,0,0,20,9,38,4,0,0,16,4,4,0,0,0,0,0,0,0,0,0
37010,Townsville,116,72,996,583,10,3,358,151,6404,4691,41,33,224,88,10688,6036,35,24,35,12,1509,703,8,5,30,14,2083,1896,11,15
31000,Brisbane,139,111,4149,2805,19,9,602,413,46575,38494,170,155,668,448,111692,92420,344,272,117,63,16404,9788,48,34,141,115,34569,36692,83,86
31900,Burdekin,14,4,83,42,0,0,10,4,429,244,3,0,4,0,581,292,0,0,0,0,73,34,0,0,0,0,48,44,0,0
30900,Boulia,0,0,4,3,0,0,0,0,5,4,0,0,0,0,7,3,0,0,0,0,6,0,0,0,0,0,0,0,0,0
31750,Bulloo,0,0,3,0,0,0,0,0,10,8,0,0,0,0,10,3,0,0,0,0,0,0,0,0,0,0,3,0,0,0
31820,Bundaberg,42,29,644,378,3,3,76,39,2967,1764,23,8,45,22,3702,1914,19,8,3,4,550,271,0,0,5,3,451,472,0,0
31950,Burke,0,0,4,3,0,0,4,0,6,6,0,0,0,0,10,7,0,0,0,0,0,0,0,0,0,0,0,0,0,0
32080,Cairns,176,97,743,474,5,0,437,168,6332,4541,36,20,252,109,8945,5442,41,33,54,22,1377,651,5,4,38,27,1817,1414,7,8
32250,Carpentaria,0,0,7,8,0,0,12,0,37,34,3,0,3,3,55,25,0,0,0,0,11,4,0,0,0,0,12,10,0,0
32260,Cassowary Coast,30,15,153,88,0,0,42,22,826,546,17,3,23,10,969,566,11,4,9,0,141,72,0,0,3,3,127,106,0,0
32270,Central Highlands (Qld),7,4,175,104,0,0,21,14,729,476,8,0,9,6,1135,566,10,0,4,0,143,66,0,0,0,0,130,97,0,0
32310,Charters Towers,11,7,52,40,0,0,14,6,303,142,0,3,11,0,422,173,0,3,3,0,68,35,0,0,0,0,49,42,0,0
32500,Cook,11,7,20,11,0,0,18,13,128,91,4,0,13,8,154,87,12,3,0,0,37,11,0,0,0,0,31,13,0,0
32600,Croydon,0,0,4,0,0,0,4,0,3,3,0,0,0,0,3,4,0,0,0,0,0,0,0,0,0,0,0,0,0,0
32330,Cherbourg,5,9,0,0,0,0,22,6,0,0,0,0,0,0,0,0,0,0,4,0,0,0,0,0,0,0,0,0,0,0
32450,Cloncurry,4,0,15,9,0,0,6,3,64,53,0,0,6,3,105,76,3,3,0,0,15,3,0,0,0,0,18,27,0,0
51470,Carnamah,0,0,7,0,0,0,0,0,18,12,0,0,0,0,17,13,0,0,0,0,7,0,0,0,0,0,3,0,0,0
37300,Weipa,3,3,13,7,0,0,21,9,90,71,0,0,14,8,183,86,0,0,9,0,28,10,0,0,0,0,31,27,0,0
37310,Western Downs,14,6,229,119,0,0,33,10,978,647,9,3,15,7,1284,650,8,4,5,0,154,53,0,0,0,0,112,88,0,0
37340,Whitsunday,26,6,227,115,3,0,29,17,1204,844,11,6,13,8,1282,709,14,3,0,0,172,77,4,0,4,0,153,138,0,0
41140,Clare and Gilbert Valleys,0,0,62,46,0,0,7,3,359,230,0,0,0,0,477,289,3,3,0,0,94,32,0,0,0,0,61,52,0,0
32810,Douglas,14,10,57,39,0,0,25,8,457,355,4,3,19,5,583,370,8,0,6,0,98,35,0,0,3,0,96,93,0,0
33100,Etheridge,0,0,0,5,0,0,0,0,24,12,0,0,0,0,23,8,0,0,0,0,0,0,0,0,0,0,3,3,0,0
32750,Diamantina,0,0,3,0,0,0,0,3,9,7,0,0,0,0,16,5,0,0,0,0,0,0,0,0,0,0,4,5,0,0
32770,Doomadgee,6,12,0,0,0,0,4,4,5,5,0,0,0,3,13,11,0,0,3,0,0,3,0,0,0,0,0,3,0,0
33960,Ipswich,70,42,1225,779,4,3,257,118,7372,4979,36,32,117,55,7908,4863,27,15,27,11,1160,627,5,4,17,6,1520,1355,3,0
33200,Flinders (Qld),3,0,11,5,0,0,3,0,36,23,0,0,0,0,58,14,3,0,0,0,9,0,0,0,0,0,0,3,0,0
33220,Fraser Coast,35,25,692,405,5,0,92,53,3499,2373,26,21,59,21,3640,1922,19,10,20,6,666,307,0,0,13,0,521,456,3,0
33360,Gladstone,26,16,409,201,0,0,40,20,1702,1367,14,6,36,16,2553,1476,15,0,9,3,340,206,0,0,4,7,341,331,0,0
33430,Gold Coast,69,31,2607,1406,15,12,419,207,27870,18077,127,90,262,140,33046,23462,120,89,42,20,4348,2280,4,6,49,31,7471,7004,30,21
33610,Goondiwindi,0,0,60,32,0,0,12,7,340,228,0,3,5,0,500,214,5,3,0,0,55,17,0,0,0,0,35,32,0,0
33620,Gympie,13,13,369,246,0,3,39,19,1892,1030,19,12,19,12,1690,848,15,15,0,0,294,122,3,3,4,3,208,193,0,0
33800,Hinchinbrook,5,4,68,17,0,0,12,9,273,160,5,0,8,3,344,200,0,0,0,0,38,22,0,0,0,0,35,23,0,0
33830,Hope Vale,15,10,0,0,0,0,14,5,0,3,0,0,5,0,5,3,0,0,4,0,0,4,0,0,0,0,0,0,0,0
33980,Isaac,7,3,137,67,0,0,9,8,452,331,4,0,10,4,813,477,4,0,3,3,79,58,0,0,0,0,77,88,0,0
34420,Kowanyama,12,8,0,0,0,0,5,3,0,0,0,0,0,0,10,4,0,0,0,0,0,0,0,0,0,0,3,3,0,0
34530,Livingstone,17,11,215,107,0,0,41,9,1148,797,11,5,25,7,1715,866,6,3,7,0,281,167,0,0,7,9,265,243,0,0
34570,Lockhart River,0,3,0,0,0,0,0,3,3,6,0,0,0,3,9,0,0,0,0,0,3,0,0,0,0,0,0,3,0,0
34580,Lockyer Valley,10,13,268,140,3,0,44,9,1312,762,15,7,19,5,1376,756,17,7,3,0,210,81,3,0,3,0,263,206,0,0
34590,Logan,91,60,1852,1054,13,12,277,105,11620,7302,56,36,157,80,11953,7392,43,31,33,11,1707,822,7,4,17,11,2183,2038,9,11
40910,Campbelltown (SA),8,0,194,137,0,0,4,4,2043,1659,15,16,10,7,3999,3349,18,13,0,0,572,346,0,3,3,3,1181,1144,3,5
41010,Ceduna,4,0,13,11,0,0,17,4,103,47,0,0,9,0,121,52,0,0,0,0,19,3,0,0,0,0,12,7,0,0
37400,Winton,0,0,0,8,0,0,3,0,36,8,0,0,0,0,44,17,0,0,0,0,3,6,0,0,0,0,8,0,0,0
37550,Woorabinda,4,5,0,0,0,0,12,4,0,3,0,0,5,3,8,4,0,0,0,4,0,0,0,0,0,0,0,0,0,0
41060,Charles Sturt,17,18,529,372,3,3,47,22,4353,3634,29,17,53,27,7600,6093,48,22,7,0,1070,632,0,0,15,3,1867,1706,5,5
41190,Cleve,0,0,10,4,0,0,0,0,68,27,0,0,0,0,74,26,0,0,0,0,16,0,0,0,0,0,10,5,0,0
37570,Wujal Wujal,6,0,0,0,0,0,0,0,0,0,0,0,0,0,3,4,0,0,0,0,0,0,0,0,0,0,0,0,0,0
37600,Yarrabah,25,13,0,0,0,0,39,17,0,3,0,0,14,6,13,8,0,0,11,4,0,0,0,0,0,0,0,0,0,0
40070,Adelaide,3,0,58,65,0,0,0,7,860,810,7,5,11,7,2583,2455,11,12,0,0,274,218,0,0,0,3,1075,1102,3,0
40120,Adelaide Hills,0,3,163,86,0,0,6,11,1885,1405,8,7,8,5,3467,2640,16,23,0,0,643,391,3,3,3,0,951,1028,7,0
40220,Alexandrina,3,3,186,108,0,0,7,10,1214,806,13,9,8,8,1203,755,12,3,3,0,221,130,0,0,4,0,204,156,0,0
41330,Coober Pedy,0,0,3,4,0,0,8,0,52,38,0,0,5,0,66,52,0,0,0,0,13,0,0,0,0,0,15,14,0,0
41560,Copper Coast,6,3,111,51,0,0,13,8,448,252,0,3,4,0,438,211,5,3,0,0,75,31,0,0,0,0,42,35,0,0
40250,Anangu Pitjantjatjara,6,6,0,3,0,0,17,3,15,8,0,0,5,0,50,20,0,0,3,0,4,3,0,0,0,0,13,12,0,0
40310,Barossa,3,3,175,100,4,0,5,3,1018,717,13,6,4,0,1122,744,9,3,0,0,199,93,0,0,0,0,190,165,0,0
40430,Barunga West,0,0,8,4,0,0,0,0,94,50,0,0,0,0,90,28,0,0,0,0,9,3,0,0,0,0,11,4,0,0
40520,Berri and Barmera,5,3,76,49,0,0,13,7,354,186,3,4,7,3,364,208,6,0,0,0,53,24,0,0,0,0,41,43,0,0
40700,Burnside,0,0,128,68,0,0,3,3,2014,1425,11,7,12,3,5237,4703,16,19,0,0,823,527,3,3,5,0,1800,2185,3,9
41750,Elliston,0,0,9,3,0,0,0,0,34,21,0,0,0,0,43,24,0,0,0,0,9,4,0,0,0,0,0,3,0,0
41960,Franklin Harbour,0,0,8,6,0,0,0,0,39,22,0,0,0,0,30,7,0,0,0,0,9,0,0,0,0,0,3,0,0,0
42030,Gawler,3,0,193,120,3,0,5,4,1010,613,4,3,5,0,893,543,5,4,0,0,148,87,3,0,0,0,144,145,0,0
42110,Goyder,0,0,41,18,0,0,5,0,163,83,0,0,0,0,140,70,5,0,0,0,21,12,0,0,0,0,22,11,0,0
42250,Grant,0,0,69,29,0,0,0,0,257,156,3,0,0,3,271,139,0,0,0,0,50,27,0,0,0,0,33,28,0,0
42600,Holdfast Bay,4,0,154,110,0,0,9,8,1685,1497,12,0,9,14,3275,2452,5,9,3,3,531,329,0,3,4,3,842,856,3,3
42750,Kangaroo Island,0,0,47,26,0,0,0,0,174,100,0,0,0,0,230,139,3,0,0,0,53,12,0,0,0,0,44,39,0,0
43080,Karoonda East Murray,0,0,19,8,0,0,0,0,35,16,0,0,0,0,40,14,0,0,0,0,3,0,0,0,0,0,0,0,0,0
41830,Flinders Ranges,0,0,12,3,0,0,3,0,64,19,0,0,3,0,66,28,0,0,0,0,18,3,0,0,0,0,15,4,0,0
43220,Kimba,0,0,6,0,0,0,0,0,40,23,0,0,0,0,45,11,0,0,0,0,3,0,0,0,0,0,3,3,0,0
43360,Kingston (SA),0,0,15,9,0,0,0,3,79,44,3,0,0,0,85,31,0,0,0,0,20,6,0,0,0,0,6,8,0,0
43650,Light (RegC),3,0,114,60,0,0,3,0,588,392,3,4,3,0,637,350,10,3,0,0,119,52,0,0,0,0,78,75,0,0
43710,Lower Eyre Peninsula,0,0,25,15,0,0,3,0,223,106,3,4,5,0,242,113,0,0,0,0,48,14,0,0,0,0,28,19,0,0
43790,Loxton Waikerie,3,0,82,38,0,0,3,3,412,246,7,0,4,0,398,190,4,0,0,0,73,36,0,0,0,0,42,24,0,0
43920,Mallala,0,0,71,28,0,0,12,0,275,165,3,0,6,0,223,93,0,0,0,0,39,9,0,0,0,0,32,19,0,0
44340,Mitcham,3,3,228,165,4,0,11,3,2904,2389,14,15,16,16,6975,5439,14,23,3,7,1261,727,3,0,0,0,2011,2229,12,6
44550,Mount Barker,3,0,255,141,0,0,10,13,1553,1125,6,6,8,5,2142,1280,17,8,3,3,380,190,0,4,3,4,422,363,0,0
46450,Port Pirie City and Dists,3,3,140,87,0,0,3,4,464,297,3,0,3,4,530,248,3,3,0,0,86,39,0,0,0,0,48,57,0,0
44000,Maralinga Tjarutja,0,0,0,0,0,0,0,0,4,0,0,0,0,0,3,0,0,0,0,0,0,0,0,0,0,0,0,0,0,0
44060,Marion,17,8,456,354,4,4,28,22,3831,3191,16,13,30,25,6850,4775,29,9,7,0,949,540,0,0,3,0,1677,1494,11,9
44210,Mid Murray,5,0,64,37,0,0,4,0,263,150,0,3,3,0,257,115,0,3,0,0,38,28,0,0,0,0,31,31,0,0
44620,Mount Gambier,5,4,278,122,0,0,15,4,793,430,3,6,7,0,978,510,3,0,0,0,146,80,4,0,0,0,139,128,0,0
44830,Mount Remarkable,0,0,16,12,0,0,0,3,138,53,0,0,3,0,128,37,0,0,0,0,23,12,0,0,0,0,9,3,0,0
45040,Murray Bridge,3,4,193,115,3,0,18,17,625,355,0,4,11,0,562,330,8,7,0,0,101,42,0,0,0,0,75,70,0,0
45400,Orroroo/Carrieton,0,0,3,4,0,0,0,0,42,11,0,0,0,0,42,17,3,0,0,0,6,4,3,0,0,0,3,0,0,0
45090,Naracoorte and Lucindale,3,0,60,50,0,0,0,0,284,192,0,0,3,0,365,179,3,0,0,0,53,17,0,0,0,0,36,21,0,0
45120,Northern Areas,0,4,30,21,0,0,0,0,185,78,5,0,0,0,219,84,3,0,0,0,33,10,0,0,0,0,23,17,0,0
45290,Norwood Payneham St Peters,0,3,118,82,0,0,6,10,1470,1167,9,6,10,7,3998,3285,12,12,4,0,653,388,0,0,5,0,1353,1370,5,0
45340,Onkaparinga,39,15,1328,787,7,6,54,29,7217,4998,37,28,43,21,8151,5056,37,28,7,5,1361,705,11,3,4,7,1380,1313,8,7
45540,Peterborough,0,0,17,13,0,0,0,0,44,10,0,0,0,0,38,26,0,0,0,0,9,7,0,0,0,0,8,0,0,0
45680,Playford,36,34,887,566,3,3,64,18,2580,1656,14,6,35,11,2090,1203,13,8,8,0,274,131,0,0,4,3,285,266,0,0
45890,Port Adelaide Enfield,36,21,614,490,8,3,74,33,4404,3529,23,20,52,30,7930,5929,20,22,7,6,1073,562,7,4,15,11,2193,2112,6,3
46090,Port Augusta,25,14,89,51,0,0,58,23,280,209,5,0,18,5,442,186,0,4,3,3,81,32,0,0,0,0,65,47,0,0
46300,Port Lincoln,3,3,113,76,0,0,12,6,422,276,3,3,9,3,576,296,3,0,5,0,105,42,0,0,3,0,60,51,0,0
46510,Prospect,0,0,73,60,0,0,6,3,825,743,0,3,9,5,2055,1792,10,13,5,3,348,204,0,0,0,0,620,637,0,4
46670,Renmark Paringa,0,0,53,34,0,0,3,0,309,205,3,0,0,0,301,160,0,0,0,0,46,18,0,0,0,0,34,32,0,0
46860,Robe,0,0,13,5,0,0,0,0,65,30,0,0,0,0,66,36,0,0,0,0,15,3,0,0,0,0,9,7,0,0
46970,Roxby Downs,0,4,23,18,0,0,0,0,103,65,0,4,0,0,150,146,0,0,0,0,21,10,0,0,0,0,23,41,0,0
47140,Salisbury,26,21,991,621,4,4,75,40,4369,3253,17,17,40,18,5422,3799,19,15,9,5,610,361,4,0,9,3,1206,1358,3,3
47290,Southern Mallee,0,0,13,8,0,0,0,4,61,35,0,0,0,0,91,38,0,0,0,0,10,11,0,0,0,0,12,4,0,0
47490,Streaky Bay,0,0,13,10,0,0,0,0,67,33,0,0,3,0,88,42,3,0,0,0,10,9,0,0,0,0,7,0,0,0
47630,Tatiara,0,0,50,21,0,0,3,3,251,138,4,3,0,0,253,118,0,0,0,0,35,9,0,0,0,0,11,17,0,0
47700,Tea Tree Gully,10,4,606,371,0,0,30,17,4352,3568,29,14,26,10,5770,4094,18,11,3,0,941,534,4,0,4,4,1095,1187,3,0
47800,The Coorong,3,0,35,38,0,0,4,3,179,91,7,0,3,0,146,73,0,0,0,0,26,7,0,0,0,0,20,8,0,0
47910,Tumby Bay,0,0,15,8,0,0,0,0,97,43,0,0,0,0,103,44,0,0,0,0,20,3,0,0,0,0,15,8,0,0
48340,Wattle Range,0,0,103,41,3,0,4,0,340,189,4,0,0,0,395,184,7,0,0,0,65,22,0,0,0,0,45,31,0,0
48410,West Torrens,9,3,270,210,0,0,21,18,2282,2072,9,7,27,15,4909,3847,14,19,0,4,680,360,0,3,0,3,1401,1330,4,3
47980,Unley,3,0,109,69,0,0,8,3,1601,1227,12,3,10,16,4499,3848,19,6,0,3,829,456,3,3,0,0,1544,1656,0,6
48050,Victor Harbor,6,0,119,69,0,0,3,3,675,459,3,5,3,0,635,463,3,3,0,0,115,65,0,0,0,0,114,100,0,0
48130,Wakefield,3,0,54,29,0,0,0,0,215,119,3,0,0,0,242,106,0,0,0,0,33,11,0,0,0,0,21,15,0,0
48540,Whyalla,15,8,184,126,0,0,25,5,573,357,5,0,16,3,732,438,0,3,0,0,90,42,0,0,0,0,106,86,0,0
50250,Ashburton,6,8,53,46,0,0,4,10,237,494,3,9,3,3,348,600,0,0,0,4,51,40,0,0,0,0,43,137,3,0
51960,Coolgardie,3,0,23,5,0,0,7,6,85,57,0,0,3,4,72,45,0,0,0,0,12,7,0,0,0,0,8,15,0,0
52030,Coorow,0,0,6,0,0,0,0,0,34,27,0,0,0,0,38,12,0,0,0,0,4,0,0,0,0,0,3,0,0,0
49399,Unincorporated SA,5,9,23,20,0,0,3,0,74,84,0,0,4,0,97,71,0,0,3,3,14,7,0,0,0,0,13,8,0,0
50080,Albany,25,12,286,169,0,0,26,14,1587,984,13,13,17,3,1798,1015,10,7,0,3,333,163,0,0,0,0,273,229,0,0
50210,Armadale,27,14,499,290,3,5,48,22,3180,2382,6,7,31,12,4191,2945,11,3,7,3,535,292,0,0,8,3,936,911,0,0
48260,Walkerville,0,0,21,16,0,0,0,0,349,249,0,4,3,0,848,772,9,6,0,0,119,99,0,0,0,0,269,346,3,0
48640,Wudinna,0,0,8,5,0,0,0,0,44,12,0,0,0,0,51,21,0,0,0,0,8,0,0,0,0,0,3,5,0,0
48750,Yankalilla,0,0,39,25,0,0,0,0,241,168,3,6,0,0,231,150,3,3,0,0,49,20,0,0,0,0,50,38,0,0
48830,Yorke Peninsula,0,0,64,35,0,0,5,5,386,225,6,5,0,0,383,164,0,0,0,0,56,21,0,0,0,0,30,23,0,0
50280,Augusta-Margaret River,4,0,86,48,0,0,5,5,660,392,6,3,6,5,1044,690,3,3,0,0,159,72,0,0,0,0,139,106,0,0
50350,Bassendean,7,3,75,44,0,0,8,3,621,502,3,0,9,0,1132,792,3,0,4,0,196,123,0,0,0,0,259,212,0,0
50420,Bayswater,7,6,266,186,0,0,18,13,2712,2413,6,11,21,16,5489,4514,14,15,3,0,792,494,0,0,6,0,1360,1264,3,3
50490,Belmont,12,4,144,112,0,0,26,7,1418,1410,7,9,25,11,2828,2236,4,11,3,0,323,204,4,0,0,4,663,720,3,0
50560,Beverley,0,0,4,0,0,0,0,0,65,40,0,0,4,0,61,44,0,0,0,0,15,3,0,0,0,0,8,3,0,0
50630,Boddington,0,0,6,0,0,0,0,0,64,48,3,0,0,0,68,53,0,0,0,0,12,3,0,0,0,0,10,15,0,0
50770,Boyup Brook,0,0,11,7,0,0,0,0,69,30,0,0,0,0,85,39,0,0,3,0,5,0,0,0,0,0,3,6,0,0
50840,Bridgetown-Greenbushes,0,0,40,15,0,0,3,0,211,110,0,4,0,3,232,131,0,0,0,0,41,8,0,0,0,0,22,26,0,0
50910,Brookton,0,0,3,0,0,0,0,0,35,7,0,0,0,0,34,15,0,0,0,0,4,4,0,0,0,0,4,3,0,0
50980,Broome,81,44,71,48,0,0,95,33,522,365,0,0,78,18,911,532,5,3,13,4,147,76,3,0,16,3,184,107,0,0
51120,Bruce Rock,0,0,9,7,0,0,0,0,32,21,0,0,0,0,43,21,0,0,0,0,13,0,0,0,0,0,0,0,0,0
51190,Bunbury,11,3,266,118,0,0,20,11,1157,796,8,11,13,8,1529,1043,7,0,3,0,264,142,0,0,3,0,245,249,0,0
51260,Busselton,4,5,271,120,0,0,16,4,1572,1026,10,8,8,3,1998,1227,9,11,5,0,331,137,3,0,4,3,238,235,0,4
51310,Cambridge,0,0,56,29,0,0,3,0,1144,846,4,3,7,6,3497,3182,8,13,0,0,562,322,3,0,0,0,1012,1299,0,0
51330,Canning,21,7,340,268,3,0,15,11,3674,3440,17,7,21,8,8011,7154,23,22,0,0,998,590,3,0,5,0,2234,2695,3,7
51400,Capel,10,0,166,74,0,0,6,3,667,463,4,3,9,0,950,521,4,0,0,0,151,70,3,0,0,3,125,134,0,0
51080,Broomehill-Tambellup,4,0,9,7,0,0,0,0,26,22,0,0,0,0,43,17,0,0,0,0,10,3,0,0,0,0,5,0,0,0
51540,Carnarvon,14,13,41,18,0,0,11,8,125,99,3,0,10,0,216,124,0,0,0,0,25,12,0,0,0,0,22,16,0,0
51610,Chapman Valley,0,0,7,12,0,0,0,0,50,22,3,0,0,0,72,33,0,0,0,0,9,3,0,0,0,0,4,3,0,0
51680,Chittering,0,0,34,17,0,0,3,0,239,125,3,3,0,0,177,97,3,0,0,0,37,9,0,0,0,0,22,19,0,0
51890,Collie,5,4,95,34,0,0,3,0,239,115,0,0,3,0,214,88,4,3,0,0,30,10,0,0,0,0,21,13,0,0
52100,Corrigin,3,0,8,3,0,0,0,0,33,12,0,0,0,0,57,21,0,0,0,0,8,3,0,0,0,0,0,0,0,0
52800,Derby-West Kimberley,65,56,14,13,0,0,39,13,108,74,0,0,32,13,224,122,3,0,6,0,55,18,0,0,0,3,56,32,0,0
52870,Donnybrook-Balingup,0,0,39,18,0,0,8,3,238,161,5,3,0,5,280,151,3,3,0,0,57,17,0,0,0,0,30,36,0,0
52940,Dowerin,0,0,10,3,0,0,0,0,29,11,0,0,0,0,27,8,0,0,0,0,3,0,0,0,0,0,0,0,0,0
51750,Claremont,0,0,26,7,0,0,0,0,450,294,0,0,0,0,1417,1200,3,8,0,0,202,95,0,0,0,3,440,527,0,0
51820,Cockburn,24,3,605,323,0,0,35,18,4339,3269,19,17,32,22,7164,4955,30,15,6,4,1084,527,0,0,6,5,1506,1448,3,4
52170,Cottesloe,0,0,15,9,0,0,0,0,326,234,0,3,0,0,1131,1053,3,3,4,0,151,87,0,0,0,0,307,426,0,6
52240,Cranbrook,0,0,13,0,0,0,0,0,27,28,0,0,0,0,38,19,0,0,0,0,7,0,0,0,0,0,0,5,0,0
52310,Cuballing,0,0,3,3,0,0,0,0,27,19,0,3,0,0,26,12,0,0,0,0,7,6,0,0,0,0,4,3,0,0
52730,Denmark,0,0,43,17,0,0,0,0,296,180,0,3,3,0,387,267,3,0,0,0,87,43,0,0,0,0,75,94,0,0
52380,Cue,0,0,0,0,0,0,0,0,3,3,0,0,0,0,3,4,0,0,0,0,0,0,0,0,0,0,0,0,0,0
52450,Cunderdin,0,0,12,7,0,0,0,0,23,26,0,0,0,0,52,22,0,0,0,0,0,0,0,0,0,0,3,0,0,0
52520,Dalwallinu,0,0,9,9,0,0,0,0,48,27,0,0,0,0,60,30,0,0,0,0,12,0,0,0,0,0,8,0,0,0
52590,Dandaragan,4,0,17,6,0,0,0,0,108,80,0,0,0,0,136,64,0,3,0,0,15,3,0,0,0,0,13,9,0,0
52660,Dardanup,9,0,119,47,0,0,4,3,486,325,4,0,8,3,535,293,3,3,0,0,74,50,0,0,0,0,56,45,0,0
53010,Dumbleyung,0,0,0,0,0,0,0,0,16,13,0,0,0,0,48,18,0,0,0,0,6,0,0,0,0,0,0,0,0,0
53080,Dundas,0,0,9,3,0,0,0,0,9,14,0,0,0,0,14,13,0,0,0,0,3,0,0,0,0,0,3,0,0,0
53150,East Fremantle,0,0,26,15,0,0,0,0,367,260,0,0,0,0,865,730,12,6,0,0,172,97,0,0,0,0,241,251,0,0
53220,East Pilbara,25,19,36,48,0,0,24,11,166,270,4,6,9,4,264,344,5,4,3,0,33,35,0,0,0,0,34,64,0,0
53290,Esperance,12,5,130,51,0,0,5,5,461,258,3,0,3,0,523,295,6,0,0,0,109,41,0,0,0,0,47,45,0,0
53360,Exmouth,0,0,31,13,0,0,0,0,100,73,0,0,0,3,160,80,3,3,0,0,20,7,0,0,0,0,22,13,0,0
53430,Fremantle,8,3,95,59,0,0,9,9,1134,1019,6,8,17,7,3166,2264,13,14,0,0,583,280,0,0,4,3,1024,930,4,0
53570,Gingin,0,0,34,20,0,0,0,0,156,116,5,0,0,0,176,103,0,0,0,0,17,12,0,0,0,0,25,12,0,0
53640,Gnowangerup,3,0,7,3,0,0,0,0,35,29,0,0,0,0,49,20,0,0,0,0,8,3,0,0,0,0,6,0,0,0
54280,Kalgoorlie/Boulder,20,7,192,104,3,0,29,12,830,590,3,4,22,9,1228,799,7,0,0,0,178,91,0,0,4,0,202,267,0,0
54310,Karratha,33,16,144,70,0,0,29,11,662,556,3,3,32,12,976,670,4,3,3,0,129,63,3,0,0,0,151,171,0,0
53710,Goomalling,0,0,10,3,0,0,5,0,36,15,0,0,0,0,44,23,0,0,0,0,7,3,0,0,0,0,4,3,0,0
53780,Gosnells,25,9,662,434,3,0,56,20,4198,3549,18,10,39,12,6596,5025,22,8,6,3,678,392,0,0,12,8,1611,1743,3,7
53800,Greater Geraldton,46,26,294,162,0,0,64,25,1269,826,3,8,35,13,1542,766,12,0,7,0,311,118,0,0,0,0,181,210,0,0
53920,Halls Creek,12,6,0,3,0,0,9,10,24,32,0,0,11,0,72,46,0,0,0,0,12,9,0,0,0,0,28,9,0,0
53990,Harvey,3,3,200,108,0,0,4,3,953,645,3,3,13,3,1111,627,7,3,3,0,183,78,0,0,3,0,113,100,0,0
54060,Irwin,0,0,28,12,0,0,0,0,142,71,0,0,3,0,109,48,0,0,0,0,23,5,0,0,0,0,7,12,0,0
54130,Jerramungup,0,0,4,7,0,0,0,0,35,15,0,0,0,0,53,27,0,0,0,0,6,0,0,0,0,0,3,0,0,0
54170,Joondalup,6,4,763,410,3,0,35,26,7492,6098,31,24,32,23,12146,9270,27,34,8,4,1961,1104,9,3,4,4,2096,2654,3,3
54200,Kalamunda,15,10,328,157,3,0,35,9,2528,1799,11,6,15,4,3300,2366,11,5,3,7,528,315,0,0,4,0,609,668,0,3
54760,Kulin,0,0,0,5,0,0,0,0,23,14,0,0,0,0,42,25,0,0,0,0,12,0,0,0,0,0,3,0,0,0
54340,Katanning,0,0,28,16,0,0,9,5,84,52,3,0,8,0,146,67,0,0,0,0,22,5,0,0,0,0,7,11,0,0
54410,Kellerberrin,0,0,3,3,0,0,0,0,32,24,0,0,0,0,52,15,0,0,0,0,3,0,0,0,0,0,3,3,0,0
54480,Kent,0,0,7,0,0,0,0,0,21,10,0,0,0,0,30,11,0,0,0,0,7,0,0,0,0,0,0,0,0,0
54550,Kojonup,0,0,3,9,0,0,0,0,73,33,0,0,0,0,117,56,0,0,0,0,8,3,0,0,0,0,6,3,0,0
54620,Kondinin,0,0,3,3,0,0,3,0,30,6,0,0,0,0,41,24,0,0,0,0,9,4,0,0,0,0,3,3,0,0
54690,Koorda,0,0,0,0,0,0,0,0,7,3,0,0,0,0,13,6,0,0,0,0,7,0,0,0,0,0,0,0,0,0
54830,Kwinana,11,3,292,149,3,0,20,8,1289,992,3,4,20,9,1886,1260,8,0,3,0,274,122,0,0,0,0,371,366,0,0
54900,Lake Grace,0,0,5,3,0,0,0,0,36,19,0,0,0,0,74,29,0,0,0,0,11,0,0,0,0,0,0,0,0,0
55040,Leonora,0,0,8,3,0,0,0,0,24,28,0,0,0,0,33,41,0,0,0,0,10,4,0,0,0,0,7,7,0,0
54970,Laverton,0,0,0,4,0,0,3,0,10,32,0,0,3,0,20,35,0,0,0,0,3,7,0,0,0,0,6,10,0,0
55110,Mandurah,16,17,516,279,7,0,48,16,3310,2263,15,10,25,10,3255,1972,14,15,3,0,561,232,3,0,0,4,454,504,3,0
55180,Manjimup,0,4,86,29,0,0,3,3,277,188,0,0,5,0,334,209,0,0,0,0,60,25,0,0,0,0,54,42,0,0
55250,Meekatharra,0,0,0,5,0,0,7,0,22,23,0,0,0,0,27,37,0,0,0,0,6,9,0,0,0,0,7,6,0,0
55320,Melville,5,3,347,192,0,0,16,10,4543,3746,29,16,31,14,10270,8651,29,33,9,4,1646,966,3,7,3,4,2399,2999,7,5
55950,Mukinbudin,0,0,3,0,0,0,0,0,17,12,0,0,0,0,33,4,0,0,0,0,0,0,0,0,0,0,0,3,0,0
57080,Perth,3,3,50,42,0,0,3,4,905,906,4,8,13,7,2738,2837,10,18,3,4,260,176,0,0,0,0,907,1146,0,3
55390,Menzies,3,3,0,0,0,0,0,0,0,15,0,0,0,0,13,12,0,0,0,0,0,3,0,0,0,0,4,7,0,0
55460,Merredin,7,3,25,12,0,0,3,0,101,52,0,0,0,0,127,64,0,0,0,0,26,8,0,0,0,0,3,14,0,0
57140,Pingelly,3,0,7,3,0,0,3,0,41,17,0,0,0,0,35,10,0,0,0,0,3,0,0,0,0,0,3,4,0,0
55530,Mingenew,0,0,3,0,0,0,0,0,12,4,0,0,0,0,20,14,0,0,0,0,3,0,0,0,0,0,0,0,0,0
56090,Mundaring,4,3,179,93,6,0,22,15,1679,1248,14,3,12,8,2225,1494,4,6,3,0,468,231,0,0,8,0,430,401,0,0
56620,Ngaanyatjarraku,0,0,0,0,0,0,5,0,9,6,0,0,3,3,21,12,0,0,0,0,8,7,0,0,0,0,5,0,0,0
56730,Northam,3,3,109,48,0,0,10,4,338,219,5,0,8,4,348,177,0,0,0,0,41,23,0,0,0,0,57,51,0,0
55600,Moora,0,0,19,8,0,0,3,0,74,36,0,0,0,0,99,51,0,0,0,0,14,3,0,0,0,0,7,8,0,0
56790,Northampton,0,0,25,15,0,0,3,0,108,73,0,0,3,0,107,55,0,0,0,0,17,3,0,0,0,0,15,4,0,0
57210,Plantagenet,3,0,44,21,0,0,0,3,198,129,0,0,5,0,191,115,3,3,0,0,35,14,0,0,0,0,25,25,0,0
55670,Morawa,0,0,7,8,0,0,0,0,22,9,0,0,0,0,31,14,0,0,0,0,6,9,0,0,0,0,5,4,0,0
55810,Mount Magnet,4,0,0,3,0,0,0,0,7,6,0,0,0,0,15,7,0,0,0,0,0,4,0,0,0,0,0,5,0,0
56860,Nungarin,0,0,0,0,0,0,0,0,10,4,3,0,0,0,6,5,0,0,0,0,3,0,0,0,0,0,0,0,0,0
55880,Mount Marshall,0,0,12,3,0,0,0,0,12,5,0,0,0,0,17,14,0,0,0,0,3,0,0,0,0,0,0,0,0,0
57910,Stirling,25,13,834,546,0,0,59,19,9073,7979,40,33,73,44,19819,16312,64,49,13,5,2890,1704,15,11,17,8,4609,4936,11,13
57980,Subiaco,0,0,40,32,0,0,0,3,711,569,6,3,13,11,2712,2477,9,6,0,0,422,234,0,0,3,0,1076,1305,3,0
55740,Mosman Park,0,0,26,19,0,0,0,0,369,256,3,0,0,3,1089,974,8,0,0,0,185,70,0,0,0,0,366,384,0,0
56300,Nannup,0,0,9,10,0,0,3,0,69,35,0,0,0,0,61,39,0,0,0,0,20,6,0,0,0,0,14,7,0,0
58050,Swan,46,16,836,480,5,0,73,35,5274,3961,20,16,70,14,6520,4402,13,8,13,4,831,489,0,0,3,0,1166,1090,0,3
56160,Murchison,0,0,0,0,0,0,0,0,3,0,0,0,0,0,0,4,0,0,0,0,0,0,0,0,0,0,0,0,0,0
56230,Murray,5,4,123,71,0,0,7,6,548,346,3,0,6,0,502,250,3,0,0,0,87,34,0,0,0,0,57,50,0,0
56370,Narembeen,0,0,5,0,0,0,0,0,23,5,3,0,0,0,44,16,0,0,0,0,6,0,0,0,0,0,0,3,0,0
56580,Nedlands,0,0,45,13,0,0,4,0,830,491,3,3,0,3,2925,2743,11,9,0,0,430,243,0,0,0,0,991,1381,0,0
58190,Tammin,0,0,3,0,0,0,0,0,7,4,0,0,0,0,22,7,0,0,0,0,7,0,0,0,0,0,0,0,0,0
56460,Narrogin,3,0,43,34,0,0,3,5,188,89,0,0,0,3,200,129,0,0,0,0,42,21,0,0,0,0,22,19,0,0
56930,Peppermint Grove,0,0,4,0,0,0,0,0,73,31,0,0,0,0,220,226,0,0,0,0,16,13,0,0,0,0,59,64,0,0
58260,Three Springs,0,0,4,0,0,0,0,0,19,10,0,0,0,0,25,16,0,0,0,0,0,0,0,0,0,0,4,0,0,0
57280,Port Hedland,40,11,75,30,0,0,38,11,444,347,3,0,26,4,614,335,0,3,10,3,107,48,0,0,0,3,81,90,0,0
57350,Quairading,0,0,7,0,0,0,0,0,31,14,0,0,0,0,35,19,0,0,0,0,8,4,0,0,0,0,6,0,0,0
57420,Ravensthorpe,0,0,13,7,0,0,0,0,76,40,4,0,0,0,68,40,3,3,0,0,6,3,0,0,0,0,4,5,0,0
57630,Sandstone,0,0,0,0,0,0,0,0,3,3,0,0,0,0,4,0,0,0,0,0,0,0,0,0,0,0,0,0,0,0
57700,Serpentine-Jarrahdale,3,3,199,74,0,0,11,3,1072,701,3,3,11,4,1090,612,3,0,4,0,162,77,3,0,0,0,179,148,0,0
57770,Shark Bay,0,0,13,3,0,0,0,4,29,21,0,0,0,0,50,30,0,0,0,0,4,4,0,0,0,0,4,3,0,0
57840,South Perth,5,3,146,72,0,0,15,6,1784,1490,11,7,16,12,4752,4383,19,15,0,0,747,473,0,0,3,4,1482,1723,3,4
57000,Perenjori,0,0,3,4,0,0,0,0,13,13,0,0,0,0,17,14,0,0,0,0,3,0,0,0,0,0,0,7,0,0
57490,Rockingham,51,21,880,459,3,8,61,40,4872,3610,24,14,42,20,4944,2777,17,18,7,4,768,347,4,0,3,3,686,671,4,3
65010,Southern Midlands,6,0,50,16,0,0,3,0,149,93,0,0,3,0,158,92,0,4,0,0,25,6,0,0,0,0,26,15,0,0
65210,Tasman,0,0,17,3,0,0,8,0,91,65,0,0,0,0,97,67,0,0,0,0,23,9,0,0,0,0,26,25,0,0
65410,Waratah/Wynyard,11,5,114,40,3,3,42,16,454,286,7,4,17,17,483,259,5,3,7,0,97,51,0,0,3,0,80,69,0,0
65610,West Coast,6,0,31,16,0,0,5,0,99,67,0,0,0,0,106,75,0,0,0,0,14,10,0,0,0,0,17,15,0,0
65810,West Tamar,10,3,184,69,0,0,16,7,903,657,7,3,11,5,1357,831,8,7,0,0,227,120,0,0,6,0,296,280,0,0
70200,Alice Springs,31,17,91,62,0,0,86,37,790,714,6,7,83,20,1667,989,4,7,27,3,365,153,3,0,13,4,539,374,0,4
58330,Toodyay,3,0,22,12,0,0,3,5,197,125,0,0,3,0,172,95,3,0,0,0,40,10,0,0,0,0,37,34,0,0
58680,Wandering,0,0,5,3,0,0,0,0,12,5,0,0,0,0,17,4,0,0,0,0,3,0,0,0,0,0,0,0,0,0
58760,Wanneroo,31,11,1124,619,12,5,66,32,8077,5632,26,35,51,21,9806,6314,28,24,12,6,1253,647,3,3,6,4,1541,1624,8,3
58820,Waroona,3,0,28,13,0,0,0,0,131,83,3,0,0,0,113,48,0,0,0,0,16,3,0,0,0,0,15,5,0,0
58400,Trayning,0,0,5,3,0,0,0,0,3,4,0,0,0,0,4,9,0,0,0,0,3,0,0,0,0,0,0,0,0,0
58890,West Arthur,0,0,4,3,0,0,0,0,27,8,0,0,0,0,34,14,0,0,0,0,5,0,0,0,0,0,3,3,0,0
79399,Unincorporated NT,10,5,38,25,0,0,17,10,202,197,10,0,14,8,386,284,0,0,4,0,78,37,0,0,0,0,98,89,0,0
59320,Woodanilling,0,0,4,0,0,0,0,0,11,4,0,0,3,0,20,10,0,0,0,0,8,0,0,0,0,0,3,0,0,0
58470,Upper Gascoyne,0,0,0,0,0,0,0,0,0,5,0,0,0,0,3,3,0,0,0,0,3,0,0,0,0,0,3,3,0,0
58510,Victoria Park,10,6,126,110,0,0,9,10,1464,1359,8,6,21,16,3511,2929,8,5,3,0,480,299,0,0,6,8,1031,1043,0,0
58540,Victoria Plains,0,0,6,0,0,0,0,0,32,21,0,0,0,0,43,21,0,0,0,0,3,0,0,0,0,0,4,7,0,0
99399,Unincorp. Other Territories,3,3,25,22,0,0,3,0,161,100,0,0,6,8,171,129,3,0,0,0,34,22,0,0,0,0,40,33,0,0
59330,Wyalkatchem,0,0,4,0,0,0,0,0,15,6,0,0,0,0,20,8,0,0,0,0,4,0,0,0,0,0,0,0,0,0
58570,Vincent,6,3,100,88,0,0,7,3,1347,1222,3,8,11,18,4289,3868,9,16,4,0,677,429,4,0,4,3,1257,1201,4,0
58610,Wagin,0,0,14,10,0,0,3,0,44,29,0,0,0,0,67,25,0,0,0,0,14,3,0,0,0,0,3,3,0,0
59030,Westonia,0,0,3,0,0,0,0,0,7,8,0,0,0,0,20,14,0,0,0,0,3,0,0,0,0,0,0,0,0,0
74560,Wagait,0,0,0,0,0,0,0,0,19,16,0,0,0,0,39,23,0,0,0,0,4,0,0,0,3,0,15,6,0,0
72800,Palmerston,51,27,203,141,3,3,104,52,1160,938,10,7,61,25,1591,828,15,5,8,6,311,113,0,0,6,4,279,254,0,0
73600,Roper Gulf,37,35,3,8,0,0,32,6,48,31,0,0,34,13,67,64,0,0,4,0,20,13,0,0,0,0,17,13,0,0
74050,Tiwi Islands,11,7,0,0,0,0,9,9,4,0,0,0,8,3,26,25,0,0,3,0,7,3,0,0,0,0,8,3,0,0
74550,Victoria Daly,22,21,9,4,0,0,11,4,30,41,0,4,9,3,42,23,0,0,0,0,10,3,0,0,0,0,16,3,0,0
59100,Wickepin,0,0,3,9,0,0,0,0,29,14,0,0,0,0,25,14,0,0,0,0,6,0,0,0,0,0,0,0,0,0
74660,West Arnhem,10,10,4,3,0,0,34,15,57,49,0,0,20,10,98,67,0,3,3,4,15,8,0,3,0,0,36,25,0,0
74680,West Daly,33,27,0,0,0,0,4,0,12,6,0,0,3,0,28,24,0,0,0,0,9,5,0,0,0,0,11,10,0,0
59170,Williams,0,0,3,7,0,0,0,0,26,30,0,0,0,0,55,21,0,0,0,0,15,0,0,0,0,0,3,0,0,0
59250,Wiluna,0,0,3,4,0,0,0,0,6,22,0,0,0,0,31,25,0,0,0,0,0,3,0,0,0,0,0,4,0,0
89399,Unincorporated ACT,61,37,1540,1026,11,8,270,204,16102,13013,86,52,297,215,38871,31995,138,97,51,48,8046,5216,24,13,92,73,15885,18639,48,57
59310,Wongan-Ballidu,0,0,10,0,0,0,0,0,47,17,0,0,3,0,49,30,0,0,0,0,12,5,0,0,0,0,6,4,0,0
59340,Wyndham-East Kimberley,33,11,29,17,0,0,23,12,195,141,4,0,21,11,382,176,4,0,3,0,72,20,0,0,0,3,47,45,0,0
59350,Yalgoo,0,3,0,0,0,0,0,0,12,13,0,0,0,0,11,20,0,0,0,0,0,0,0,0,0,0,0,6,0,0
60210,Break O'Day,5,0,55,18,3,0,5,3,197,121,3,3,3,3,246,153,7,0,0,0,40,19,0,0,0,0,40,31,0,0
60410,Brighton,24,3,142,75,3,0,19,7,402,263,3,0,11,4,327,193,0,0,4,0,58,29,0,0,3,0,50,24,0,0
60610,Burnie,30,19,173,89,0,0,26,14,612,381,3,0,24,6,668,406,4,0,9,0,111,52,4,0,3,0,109,110,0,0
60810,Central Coast (Tas.),27,18,157,84,0,0,41,22,763,462,10,3,25,14,894,530,5,3,4,3,141,89,3,0,4,0,150,145,0,0
61010,Central Highlands (Tas.),3,0,19,15,0,0,7,0,52,49,0,0,0,0,70,51,0,0,0,0,9,10,0,0,0,0,18,16,0,0
61210,Circular Head,19,3,59,29,0,0,31,14,179,120,0,3,15,3,189,93,0,0,4,0,25,15,0,0,0,0,25,9,0,0
59360,Yilgarn,0,0,7,3,0,0,0,0,27,20,0,0,0,0,38,18,0,0,0,0,9,0,0,0,0,0,0,3,0,0
59370,York,0,0,25,10,0,0,3,0,147,99,0,0,0,0,175,90,0,0,0,0,26,3,0,0,0,0,20,18,0,0
61410,Clarence,19,11,342,165,4,0,48,30,2097,1758,20,11,45,35,3420,2358,18,7,9,0,660,389,0,0,16,4,786,690,3,6
61510,Derwent Valley,8,3,87,42,0,0,10,3,276,197,0,3,4,0,227,130,0,0,0,0,55,29,0,0,0,0,43,46,0,0
61610,Devonport,27,17,226,113,0,0,34,18,870,518,3,3,37,8,882,483,7,3,3,0,135,90,0,0,3,0,117,108,0,0
61810,Dorset,0,3,59,23,0,0,5,0,201,105,3,0,3,0,205,97,4,0,0,0,29,11,0,0,0,0,31,20,0,0
62010,Flinders (Tas.),3,0,4,0,0,0,4,0,42,29,0,4,0,0,45,22,0,0,0,0,10,3,3,0,0,0,13,13,0,0
62210,George Town,5,0,47,28,4,0,7,0,191,115,0,0,5,0,193,99,3,0,0,0,26,11,0,0,0,0,32,35,0,0
62410,Glamorgan/Spring Bay,7,0,31,13,0,0,0,3,188,142,3,3,3,0,171,128,0,0,0,0,27,12,0,0,0,0,33,26,0,0
62610,Glenorchy,36,5,381,200,3,0,50,23,1333,978,15,9,41,18,1587,1102,13,3,4,5,311,154,0,0,4,4,376,308,0,0
62810,Hobart,13,3,178,166,5,0,22,13,1942,1541,10,4,37,38,5815,4838,27,24,11,3,1120,660,3,0,15,11,2326,2239,10,7
63010,Huon Valley,18,8,104,73,5,0,21,10,623,476,7,5,15,11,876,528,6,3,3,3,157,95,0,0,0,0,202,185,3,0
63210,Kentish,0,3,49,22,0,0,7,4,239,134,0,0,5,3,234,135,0,0,3,0,50,18,0,0,0,0,32,26,0,0
63410,King Island,0,0,0,4,0,0,0,0,50,45,0,0,0,0,82,38,0,0,0,0,14,4,0,0,0,0,10,10,0,0
63610,Kingborough,18,11,212,102,0,0,54,14,1570,1172,7,8,38,11,2900,2076,17,12,13,3,532,269,4,0,8,5,856,802,6,6
63810,Latrobe (Tas.),7,3,90,33,0,0,11,7,383,252,0,3,13,0,437,232,0,0,0,0,72,24,0,0,0,3,54,54,0,0
64010,Launceston,49,10,504,271,3,0,51,24,2148,1524,19,7,35,28,3769,2439,14,5,5,3,529,304,0,0,10,3,769,739,3,3
64210,Meander Valley,3,4,158,62,0,0,10,11,677,494,7,7,6,5,917,508,5,0,3,0,127,60,0,3,0,0,124,124,0,0
64610,Northern Midlands,6,0,108,46,0,0,6,4,429,301,0,0,5,0,503,263,3,0,0,0,81,34,0,0,3,0,100,73,3,0
64810,Sorell,11,0,120,54,3,0,18,11,556,333,0,4,10,6,552,323,3,0,0,0,101,44,0,0,0,4,102,87,0,0
70420,Barkly,27,16,18,10,0,0,38,7,65,76,0,3,21,7,165,95,3,0,3,0,32,20,0,0,0,0,33,31,0,0
70540,Belyuen,3,3,0,0,0,0,0,0,0,0,0,0,0,0,0,0,0,0,0,0,0,0,0,0,0,0,0,0,0,0
70700,Coomalie,7,4,3,4,0,0,5,3,32,19,0,0,3,0,36,27,3,0,0,0,0,4,0,0,0,0,12,5,0,0
71000,Darwin,67,38,250,224,3,0,147,74,2672,2568,17,15,145,66,6281,4719,23,22,25,9,1106,580,3,3,35,13,1949,1790,4,7
71300,East Arnhem,59,48,0,3,0,0,43,8,17,25,0,0,11,5,73,46,0,0,4,0,25,11,0,0,9,4,28,9,0,0
72200,Katherine,26,10,39,29,0,0,39,27,282,240,7,5,25,10,447,237,3,3,9,0,85,31,0,0,3,0,78,60,0,0
72300,Litchfield,19,6,113,67,3,0,44,22,714,558,11,4,34,17,833,436,7,4,7,3,184,58,0,0,10,4,161,82,0,3
70620,Central Desert,14,10,3,3,0,0,14,8,18,20,0,0,3,0,58,36,0,0,0,3,8,3,0,0,0,0,14,5,0,0
72330,MacDonnell,40,26,7,3,0,0,21,3,34,33,0,0,27,9,78,41,0,0,0,0,14,9,0,0,0,0,23,20,0,0
