lga_code16,lga_name16,in_lf_emp_indig_f,in_lf_emp_indig_m,in_lf_emp_non_indig_f,in_lf_emp_non_indig_m,in_lf_emp_indig_stat_notstated_f,in_lf_emp_indig_stat_notstated_m,in_lf_unemp_indig_f,in_lf_unemp_indig_m,in_lf_unemp_non_indig_f,in_lf_unemp_non_indig_m,in_lf_unemp_indig_stat_notstated_f,in_lf_unemp_indig_stat_notstated_m,indsec_gov_indig_f,indsec_gov_indig_m,indsec_gov_non_indig_f,indsec_gov_non_indig_m,indsec_gov_indig_stat_notstated_f,indsec_gov_indig_stat_notstated_m,indsec_priv_indig_f,indsec_priv_indig_m,indsec_priv_non_indig_f,indsec_priv_non_indig_m,indsec_priv_indig_stat_notstated_f,indsec_priv_indig_stat_notstated_m,self_employed_indig_f,self_employed_indig_m,self_employed_non_indig_f,self_employed_non_indig_m,self_employed_indig_stat_notstated_f,self_employed_indig_stat_notstated_m,n_the_lf_indig_f,n_the_lf_indig_m,n_the_lf_non_indig_f,n_the_lf_non_indig_m,n_the_lf_indig_stat_notstated_f,n_the_lf_indig_stat_notstated_m
10050,Albury,161,164,11065,11368,56,86,45,61,736,827,0,5,40,24,2338,1329,9,9,121,135,8627,9923,43,70,4,7,450,749,3,9,238,157,7726,5540,121,67
10130,Armidale Regional,230,243,5804,5973,36,39,70,72,409,476,0,7,51,56,1539,1135,6,0,175,177,4223,4786,24,37,0,12,264,529,4,4,398,348,4564,3405,53,57
10250,Ballina,192,211,8473,8489,42,61,25,50,431,571,5,6,44,37,1528,1104,3,0,141,172,6843,7272,36,55,5,8,619,978,5,11,248,171,7461,5613,81,69
10300,Balranald,24,23,399,521,3,9,9,14,15,19,0,0,3,9,80,47,0,0,20,14,313,458,3,3,0,0,13,49,0,0,28,29,289,200,3,0
10470,Bathurst Regional,291,303,8562,8874,72,68,59,52,452,583,5,11,81,38,1959,1456,11,5,210,254,6517,7316,55,63,6,10,377,603,3,4,305,395,5657,4943,67,54
10550,Bega Valley,129,139,6276,6473,65,81,26,28,309,373,3,8,21,27,908,667,5,3,104,107,5310,5735,51,64,9,10,436,778,0,9,187,137,6254,5188,105,83
10600,Bellingen,60,73,2328,2378,29,20,5,14,146,202,3,9,14,12,469,303,0,0,46,58,1822,2053,31,24,0,5,230,425,3,4,80,55,2385,1900,44,34
10650,Berrigan,29,43,1518,1659,19,23,3,0,72,91,0,3,0,3,200,130,0,3,27,37,1290,1500,19,18,0,0,84,177,4,4,29,20,1478,1274,41,21
10750,Blacktown,1224,1337,67470,80760,304,381,227,281,5747,5592,29,30,270,150,11157,8059,33,33,923,1138,55322,71231,254,306,21,31,1960,4121,5,16,1571,1219,48428,31758,446,322
10800,Bland,41,46,1085,1350,11,21,8,7,24,48,0,0,8,6,163,103,0,0,32,35,898,1231,9,12,0,5,84,204,5,3,24,26,854,594,20,8
10850,Blayney,36,42,1481,1621,19,28,6,7,81,107,0,3,4,6,293,174,5,4,30,35,1160,1424,11,26,0,0,113,173,3,3,37,28,1057,744,21,13
10900,Blue Mountains,332,347,17300,17711,74,103,29,33,813,899,0,6,87,62,4510,3283,8,16,240,283,12664,14266,61,84,21,20,1221,1673,3,14,229,201,12544,9086,122,101
10950,Bogan,69,66,450,568,7,12,9,16,18,27,0,0,12,10,101,60,0,0,59,51,342,500,7,12,0,0,28,59,0,0,65,42,322,216,13,14
11100,Botany Bay,183,181,10563,11954,37,39,15,15,623,698,4,3,57,38,1635,1475,3,6,122,135,8801,10299,31,34,3,10,386,761,0,4,119,81,6624,4752,52,40
11150,Bourke,123,94,362,409,6,6,19,30,6,14,3,3,34,29,117,106,0,0,81,70,234,290,3,8,4,5,25,46,0,0,158,109,156,123,3,0
11200,Brewarrina,87,95,147,166,7,3,30,50,4,3,0,0,36,36,56,35,0,0,51,54,84,131,3,3,0,0,9,27,0,0,236,203,58,69,3,0
11250,Broken Hill,208,180,3162,3295,25,34,44,64,219,330,0,3,55,26,722,535,7,8,148,145,2412,2704,19,27,8,7,85,168,0,0,237,215,3110,2405,54,55
13910,Hilltops,92,118,3410,3870,34,39,20,28,181,212,0,3,11,13,443,342,0,3,85,104,2927,3475,26,33,7,4,207,398,0,3,131,98,3121,2284,61,45
14000,Hornsby,143,136,33606,36631,123,150,14,13,1744,1788,8,3,28,21,5651,4116,24,16,110,110,27685,32154,96,125,8,5,1613,2368,3,3,80,62,21204,14220,163,109
14100,Hunters Hill,10,16,2963,3211,20,18,0,3,108,117,0,0,4,3,386,287,4,3,11,11,2551,2894,13,16,0,0,166,178,0,0,6,24,2361,1865,25,11
14170,Inner West,464,402,49141,49251,154,156,50,68,2358,2527,7,17,155,104,10327,6848,30,22,301,283,38383,41843,117,120,20,24,2738,3308,10,7,317,224,21197,15672,192,166
14200,Inverell,144,153,2862,3163,32,40,56,60,164,221,4,5,27,18,452,342,6,4,106,121,2365,2774,23,32,3,6,196,327,0,7,267,186,2645,1995,42,28
14300,Junee,33,30,1032,1191,9,17,5,4,49,52,0,0,7,4,189,120,0,0,29,32,837,1049,9,16,0,3,64,121,3,0,43,248,774,1216,19,7
14350,Kempsey,313,257,4295,4491,48,58,63,91,296,413,10,14,67,42,704,535,6,7,240,209,3526,3858,38,47,10,12,259,520,6,3,668,699,5093,4770,97,81
14400,Kiama,71,93,4424,4820,36,45,14,12,180,228,0,0,15,13,1123,867,8,3,54,73,3265,3909,28,36,3,10,290,456,3,0,51,42,3775,2865,38,28
14500,Ku-ring-gai,49,55,26369,28307,69,78,3,8,1260,1434,4,4,16,11,3637,2466,11,6,29,49,22499,25588,61,69,0,5,1542,1631,4,5,27,18,19867,12725,143,70
14550,Kyogle,32,39,1448,1683,16,22,10,15,114,169,0,0,9,6,248,183,3,0,23,30,1162,1471,11,19,3,8,159,310,0,0,93,71,1620,1398,37,33
14600,Lachlan,138,126,974,1207,10,17,46,44,35,52,0,0,37,26,189,133,0,3,103,84,768,1054,8,12,0,3,53,174,0,3,200,131,773,529,10,3
14650,Lake Macquarie,1259,1345,40039,42228,190,193,217,249,2451,3337,12,26,294,194,7783,5292,29,20,940,1125,31934,36510,159,165,40,60,1827,2654,7,10,1127,868,33890,25577,356,250
14700,Lane Cove,30,21,9341,9858,13,23,0,0,439,441,0,0,6,3,1448,891,3,4,25,21,7828,8872,11,21,0,0,461,561,3,6,3,24,4520,3188,26,28
14750,Leeton,70,97,2038,2461,15,22,21,30,106,100,0,0,11,8,354,241,3,0,55,83,1661,2185,14,22,0,0,104,194,0,0,93,63,1673,1165,42,34
14850,Lismore,332,273,8730,8704,73,64,62,84,580,787,5,5,79,55,1799,1194,10,8,248,216,6841,7413,62,57,7,10,560,1033,7,8,311,295,6762,5307,85,62
14870,Lithgow,167,168,3487,3896,40,42,22,38,244,354,0,0,24,27,696,596,4,5,132,143,2758,3244,31,37,3,4,157,264,3,3,184,223,3588,3242,62,47
14900,Liverpool,470,445,37155,45427,180,231,56,73,3126,3474,12,23,113,78,6240,4643,19,15,347,361,30247,39798,144,188,7,13,1248,2618,3,13,494,350,33044,21805,344,192
14920,Liverpool Plains,116,145,1239,1477,14,25,23,31,85,90,9,4,25,24,233,132,0,0,90,123,989,1318,11,20,6,8,107,218,0,3,184,139,1147,901,20,25
14950,Lockhart,9,12,577,682,3,4,3,3,20,34,0,0,3,0,102,78,0,0,11,13,465,598,3,4,0,0,38,101,0,3,20,23,477,395,10,5
15050,Maitland,643,645,15893,17338,76,96,112,132,1224,1255,9,8,147,66,2832,1787,7,6,475,566,12931,15387,63,83,9,15,619,772,0,3,551,390,11179,7497,146,94
15240,Mid-Coast,622,635,14042,14494,108,127,150,192,1122,1473,15,19,120,95,2115,1488,13,12,485,531,11725,12802,92,108,18,38,885,1753,4,8,1000,828,19199,16166,347,271
15270,Mid-Western Regional,179,218,4216,4979,39,55,28,41,266,327,3,11,24,15,674,400,8,0,147,191,3516,4544,31,54,7,13,298,445,0,9,199,141,3660,2726,71,58
15300,Moree Plains,316,311,2208,2637,21,31,88,123,72,86,3,0,78,56,400,217,3,0,236,251,1779,2382,20,31,3,12,133,260,3,3,574,424,1184,875,19,23
15350,Mosman,21,19,6832,7078,20,24,0,3,299,272,0,0,5,4,790,555,4,0,11,11,5980,6470,17,26,0,0,472,430,3,0,5,5,4724,2410,33,12
15520,Murray River,61,44,2259,2581,23,26,5,4,78,108,0,0,10,6,361,206,4,3,43,36,1870,2349,23,23,0,4,115,265,3,0,64,51,1954,1557,31,20
15560,Murrumbidgee,41,47,709,900,3,6,3,5,27,45,0,0,11,7,109,73,0,0,29,40,593,816,3,7,0,5,45,107,0,3,53,32,475,367,3,9
15650,Muswellbrook,169,190,2793,3531,22,26,39,60,228,272,8,5,39,17,460,206,5,0,132,173,2315,3284,21,21,3,0,121,147,0,6,188,152,2209,1656,29,31
15700,Nambucca,143,138,2875,2985,31,50,37,47,234,319,3,7,23,25,445,315,3,4,117,112,2410,2634,30,45,3,0,214,414,3,12,305,225,3858,3310,72,51
15750,Narrabri,205,218,2342,2828,26,35,41,54,109,143,4,5,35,19,404,275,0,4,166,192,1906,2506,24,30,4,15,144,267,0,0,264,176,1524,1120,26,14
15800,Narrandera,73,86,1016,1134,6,10,10,16,44,75,3,0,16,6,205,137,3,3,56,70,788,979,7,9,0,3,66,133,0,0,111,71,840,659,18,8
15850,Narromine,194,169,998,1206,4,10,24,45,54,72,3,0,62,25,192,108,0,0,133,144,794,1084,4,10,4,12,71,158,0,3,200,130,803,596,20,14
15900,Newcastle,979,980,34850,35928,141,158,164,191,2316,3131,9,18,295,174,7908,5714,30,12,676,788,26656,29845,106,135,17,41,1474,2017,3,11,802,602,22684,18141,230,188
15950,North Sydney,60,56,20391,19840,46,50,3,5,811,740,0,5,15,12,2839,1855,11,3,44,43,17390,17817,32,50,0,3,988,1053,3,0,19,19,7734,4592,50,30
15990,Northern Beaches,319,361,62258,66209,268,273,9,17,2253,2339,13,14,63,50,7877,5240,21,16,249,305,53773,60308,231,241,14,40,4224,5419,12,34,144,115,33724,23057,299,200
16100,Oberon,28,28,981,1187,9,12,4,3,58,69,0,0,3,5,182,114,0,0,28,21,786,1054,3,10,0,0,70,146,0,0,26,36,777,698,7,3
16150,Orange,352,360,8375,8623,49,50,66,90,479,555,4,8,90,56,2080,1208,16,3,260,301,6219,7329,34,46,8,17,373,564,0,3,407,285,5778,4062,93,66
16200,Parkes,189,196,2513,2910,18,21,38,62,164,189,0,3,35,25,522,340,0,0,147,167,1961,2531,10,24,3,8,147,275,3,3,252,185,2173,1523,26,27
16260,Parramatta,263,275,47825,57852,198,178,39,38,3994,3920,17,13,78,53,8078,6234,27,7,174,204,39111,50724,164,156,0,16,1819,3255,12,15,289,433,34584,23567,238,164
16350,Penrith,1284,1445,42993,48672,215,262,176,184,2677,2660,25,21,319,205,8088,5397,32,25,945,1200,34398,42544,173,217,20,42,1285,2610,9,14,1138,776,25795,17167,274,182
11300,Burwood,32,34,8153,8894,24,35,3,4,676,726,6,3,9,7,1128,778,5,3,23,27,6833,7912,21,27,0,0,333,528,0,0,25,13,6806,4800,38,30
11350,Byron,106,112,6641,6553,78,65,13,13,432,470,6,11,16,22,826,532,9,3,85,95,5725,5910,61,61,10,8,1021,1330,5,14,91,68,4582,3559,83,52
11400,Cabonne,65,96,2698,3095,28,41,9,4,113,134,3,0,18,12,543,321,7,3,46,77,2127,2729,18,34,0,6,183,362,3,3,71,55,1898,1395,44,13
11450,Camden,401,408,18538,20498,81,94,37,41,862,783,4,7,104,63,3691,2242,9,12,289,344,14649,18017,61,78,8,8,726,1098,3,7,176,142,9068,5427,101,53
11500,Campbelltown (NSW),974,873,30477,36191,146,183,164,141,2870,2653,20,29,234,111,5330,3975,20,10,720,726,24756,31566,121,151,14,17,855,1814,3,0,917,540,23866,15384,228,171
11520,Canada Bay,85,90,21574,22789,71,84,7,15,1144,1206,4,5,25,27,3351,2357,11,3,62,69,18014,20164,63,75,3,9,1023,1317,0,3,56,37,13347,8675,79,64
11570,Canterbury-Bankstown,480,408,60247,76434,251,377,64,58,5585,6643,27,34,119,96,8908,6651,35,21,349,304,50200,67929,197,305,12,13,2467,6199,15,27,416,290,63659,42840,575,431
11600,Carrathool,25,52,551,731,7,14,4,0,15,16,0,0,4,3,91,56,0,0,25,42,454,661,7,14,0,0,35,71,0,3,33,23,293,211,9,3
11650,Central Coast (NSW),2014,2132,65057,69487,437,466,301,369,4502,4830,50,51,401,288,11043,8482,55,35,1585,1795,53415,60190,358,404,59,131,3315,5796,20,30,1770,1337,56226,40714,771,581
11700,Central Darling,59,69,180,243,8,6,18,23,10,16,3,0,17,24,47,33,0,0,40,46,131,209,8,3,0,0,8,31,0,0,174,161,126,151,7,3
11720,Cessnock,525,581,9632,10725,79,86,90,125,819,1005,8,10,101,43,1339,773,7,8,411,523,8185,9830,72,78,16,18,385,558,0,0,560,677,8877,7014,126,111
11730,Clarence Valley,378,332,8063,8626,82,80,90,132,660,831,11,13,90,71,1487,1222,11,9,283,251,6484,7281,73,62,7,11,560,975,9,11,600,514,9988,8503,170,144
11750,Cobar,93,100,768,1025,12,12,12,28,32,49,3,0,19,12,132,95,0,0,74,81,628,922,10,16,4,7,48,67,4,0,109,80,518,331,11,6
11800,Coffs Harbour,544,507,14129,14258,89,100,107,134,918,1152,11,17,136,77,2590,1596,11,11,397,426,11383,12480,81,80,17,36,872,1310,3,4,587,433,12125,9585,163,109
12000,Coolamon,22,22,788,876,7,10,4,0,37,50,0,0,6,12,161,95,0,0,16,11,617,768,7,10,0,0,50,140,0,0,13,7,656,518,13,8
12150,Coonamble,127,123,538,618,9,12,49,57,19,26,0,0,35,29,130,60,0,0,85,81,395,544,6,9,3,7,37,97,0,0,219,154,351,292,8,14
12350,Cowra,121,142,2112,2407,16,13,23,35,130,143,4,3,14,18,322,253,3,0,105,116,1771,2122,10,14,6,6,156,275,0,0,172,149,2172,1734,31,35
12380,Cumberland,236,242,35656,50324,144,235,34,52,3792,5175,17,35,58,28,5287,3947,20,18,179,199,29579,44806,113,192,3,10,1340,3383,3,8,230,190,37961,26435,284,242
12700,Dungog,58,71,1735,1985,22,24,6,7,99,114,0,0,7,8,308,192,3,0,50,59,1404,1773,15,17,0,9,124,236,0,0,80,57,1386,1076,17,22
12730,Edward River,48,44,1747,1931,18,15,12,13,83,93,0,3,11,7,286,192,0,0,33,36,1444,1712,20,17,0,0,84,179,0,0,71,49,1331,1019,31,25
12750,Eurobodalla,251,241,6186,6200,42,50,45,80,362,480,6,5,74,42,1133,825,9,6,181,186,4982,5294,38,46,4,18,432,900,3,4,366,279,7653,6764,101,85
12850,Fairfield,198,234,31342,39755,145,222,37,47,3859,4439,18,30,37,30,3740,2450,16,12,157,198,26850,36075,121,182,0,12,1103,2421,3,10,269,179,42345,29261,330,283
12870,Federation,41,36,2245,2604,20,26,3,3,120,124,0,0,3,3,292,196,0,0,33,29,1911,2379,19,18,0,0,108,218,4,3,25,19,2189,1760,33,21
12900,Forbes,164,170,1630,1944,12,20,31,23,78,89,0,3,18,21,246,155,0,0,134,149,1351,1747,14,18,0,9,92,243,0,0,180,124,1356,1050,30,29
12930,Georges River,186,169,32407,36527,108,138,17,21,2370,2414,10,14,42,30,4847,3562,8,14,139,133,27093,32343,91,120,4,12,1145,2239,0,9,110,74,24960,16961,170,132
12950,Gilgandra,70,77,755,870,5,14,23,28,22,45,0,0,27,25,183,106,4,3,42,50,560,757,3,5,0,3,60,155,0,4,118,77,613,424,15,9
13010,Glen Innes Severn,56,65,1475,1596,14,16,14,17,94,152,0,0,15,14,294,196,0,0,46,45,1155,1358,10,13,3,3,101,217,3,3,80,115,1562,1322,24,24
13310,Goulburn Mulwaree,159,162,5797,6486,54,53,29,35,351,426,3,8,40,36,1320,1055,8,6,113,128,4423,5353,39,50,0,13,226,455,3,3,172,225,4465,3864,77,58
13340,Greater Hume Shire,39,44,2098,2393,17,23,9,5,95,108,3,3,5,4,371,226,3,6,29,37,1706,2136,11,22,0,7,143,311,0,4,39,36,1438,1147,21,17
13450,Griffith,177,210,5197,6034,44,56,31,40,218,300,3,3,41,31,815,470,0,4,134,179,4311,5494,44,46,7,4,175,383,3,0,195,126,3210,2227,48,43
13510,Gundagai,76,76,1959,2223,23,18,8,14,108,123,0,0,12,4,309,240,3,0,66,65,1632,1944,22,22,3,0,91,196,3,0,91,67,2036,1554,41,33
13550,Gunnedah,213,233,2194,2693,25,22,41,51,108,110,0,0,36,18,303,187,3,0,169,210,1867,2481,22,21,5,8,138,214,0,4,240,150,1650,1119,21,21
13660,Gwydir,34,51,901,1062,10,15,10,0,51,48,0,0,13,8,177,125,3,4,27,46,706,922,7,12,0,3,77,150,3,4,40,39,867,671,16,16
13800,Hawkesbury,403,481,14669,16602,82,94,42,51,704,631,5,5,86,57,2403,1791,8,9,317,407,12115,14596,67,75,15,29,694,1389,3,9,344,194,8445,5675,105,54
13850,Hay,23,32,551,666,11,11,4,6,23,30,0,0,7,6,100,85,0,3,18,27,439,563,8,7,0,0,39,66,0,0,22,25,426,286,11,3
16380,Port Macquarie-Hastings,497,494,14228,14235,96,106,68,96,906,1055,10,10,97,69,2404,1846,8,9,385,419,11701,12221,77,94,22,32,869,1602,10,10,462,372,15746,12328,219,167
16400,Port Stephens,506,546,12474,13885,92,106,67,101,913,1055,7,5,100,67,2061,2044,15,21,394,455,10291,11685,77,83,19,22,692,996,11,6,475,341,12235,9578,225,160
16490,Queanbeyan-Palerang Regional,350,318,13728,14804,88,101,45,26,519,628,3,12,159,84,5177,4056,33,32,179,226,8426,10584,52,69,4,4,480,776,3,3,205,155,6004,4632,92,69
16550,Randwick,365,330,33518,33839,117,112,39,48,1963,1988,0,10,107,73,6699,4927,18,12,250,256,26489,28565,90,95,5,8,1692,2199,9,10,335,460,20139,17073,174,111
16610,Richmond Valley,171,198,3712,4100,39,43,42,56,248,337,4,10,45,35,548,413,8,4,118,160,3118,3620,33,38,3,6,201,378,0,3,293,210,4012,3293,76,69
16650,Rockdale,179,192,24343,27910,101,109,17,16,1602,1851,3,18,50,45,3451,2643,5,8,132,139,20488,24711,85,92,3,12,879,1880,3,6,90,56,17244,11811,164,132
16700,Ryde,102,99,27376,29501,78,84,6,9,1838,1990,3,18,32,25,4243,3145,8,11,72,71,22805,25966,68,70,3,3,1143,1781,0,0,53,46,18737,12765,130,108
16900,Shellharbour,396,423,13674,14919,85,113,75,60,977,1071,13,7,108,66,2669,1661,13,13,290,350,10874,13080,68,99,3,16,549,821,4,0,378,289,11059,8010,142,107
16950,Shoalhaven,715,762,16679,17921,132,114,112,184,1002,1260,18,14,155,118,3041,3042,12,18,542,627,13451,14660,115,92,16,41,1095,1937,4,5,849,824,19446,16468,282,212
17000,Singleton,187,280,4420,5837,41,53,32,32,324,321,0,0,26,24,590,614,3,7,155,251,3791,5167,36,37,3,5,186,246,0,0,187,101,2994,1922,39,29
17040,Snowy Monaro Regional,72,100,4529,5077,34,41,6,15,144,171,0,0,8,16,922,752,3,0,58,84,3576,4269,28,42,3,8,234,511,8,7,56,77,2524,2349,38,32
17080,Snowy Valleys,79,85,2613,3173,20,25,17,13,133,170,6,3,15,4,438,359,3,0,63,80,2153,2771,13,20,3,3,155,313,3,3,114,87,2257,1802,38,42
17420,The Hills Shire,185,194,37724,41799,140,142,8,17,1837,1968,5,3,30,20,5692,3990,18,7,154,171,31669,37389,115,131,16,6,1614,2401,4,6,89,51,21331,14046,129,96
17550,Tweed,632,589,16953,17296,108,145,76,112,1194,1318,14,8,123,67,2561,1771,19,10,502,507,14191,15274,84,124,27,45,1215,1988,7,19,534,431,16942,13320,239,186
17620,Upper Hunter Shire,110,141,2753,3230,22,37,12,13,143,139,3,3,14,8,387,235,0,3,95,129,2334,2957,21,32,0,4,168,256,3,0,103,66,1988,1362,34,21
17640,Upper Lachlan Shire,32,38,1547,1868,25,21,0,3,59,70,0,3,7,4,329,261,4,4,23,37,1199,1588,13,16,0,3,102,239,3,6,20,20,1190,873,21,21
17650,Uralla,65,64,1207,1278,9,11,5,16,60,62,0,3,12,17,269,218,4,0,51,49,912,1038,6,14,3,5,84,195,0,0,58,52,942,693,14,11
17750,Wagga Wagga,501,524,13862,14764,85,97,92,91,755,784,10,8,119,104,3068,2811,17,15,376,409,10666,11819,55,72,3,14,542,981,3,7,542,364,8270,5736,97,66
17850,Walcha,17,30,602,756,10,7,3,8,21,21,0,0,0,6,93,63,0,0,12,16,496,683,10,7,0,0,61,120,0,0,29,31,441,281,10,3
17900,Walgett,178,156,773,920,18,18,58,63,43,81,0,3,53,36,184,127,3,0,121,117,578,773,12,11,0,9,25,102,0,3,379,347,527,677,20,14
17950,Warren,49,34,470,574,11,15,17,24,25,27,0,0,5,9,78,65,4,0,39,25,388,507,10,12,0,0,40,80,0,0,73,60,309,240,8,5
18020,Warrumbungle Shire,103,103,1471,1639,15,15,28,46,95,111,0,8,32,35,358,242,4,0,68,67,1084,1365,12,12,8,4,131,281,0,0,167,137,1527,1332,30,26
18050,Waverley,61,93,17801,18338,72,59,4,14,722,724,0,0,15,18,2266,1444,10,4,47,78,15342,16675,53,54,3,6,1296,1404,3,12,20,24,7206,4670,73,45
18100,Weddin,12,26,649,737,5,13,3,3,36,31,0,4,3,0,117,72,0,0,8,18,520,651,9,9,0,0,73,137,3,0,18,15,654,541,9,14
18200,Wentworth,53,43,1234,1434,17,15,9,17,56,90,0,4,14,5,192,149,6,0,36,35,1027,1257,11,12,0,0,72,122,0,8,151,118,855,764,25,16
18230,Western Plains Regional,1099,1100,9688,10070,86,102,201,254,435,471,5,10,253,176,2222,1335,19,17,821,894,7383,8607,66,77,16,45,456,748,8,6,1194,1121,6014,4471,110,84
18250,Willoughby,31,42,17415,18724,49,51,0,5,964,967,4,4,3,8,2317,1551,4,4,27,32,14907,16983,44,43,0,0,893,1053,0,3,16,7,11511,6995,68,38
18350,Wingecarribee,176,183,9710,10460,59,48,16,22,396,366,6,6,30,13,1291,945,8,3,143,169,8327,9380,50,42,3,22,858,1283,7,8,138,92,8870,6084,100,71
18400,Wollondilly,305,316,10896,12339,94,102,24,24,511,426,3,4,63,35,1998,1170,14,6,242,280,8787,11008,71,91,10,9,475,884,3,3,174,129,6031,4186,70,61
18450,Wollongong,840,881,41238,44795,236,268,125,168,2912,3519,12,26,224,164,10012,7100,37,32,597,696,30848,37212,184,224,26,37,1815,2620,12,18,855,617,34102,26759,490,347
18500,Woollahra,34,35,13851,13974,46,57,0,5,485,468,3,0,4,6,1567,1071,7,7,29,27,12134,12780,40,54,0,3,1046,988,7,3,24,11,7921,4450,62,47
18710,Yass Valley,60,77,3868,4009,24,29,6,12,111,118,4,0,18,19,1230,924,4,3,45,59,2617,3038,18,18,0,6,201,338,0,0,53,39,1895,1425,35,14
19399,Unincorporated NSW,13,7,248,322,3,9,3,0,3,0,0,0,3,0,25,36,0,0,7,11,215,277,3,3,0,0,25,44,0,0,7,3,88,66,3,0
20110,Alpine,15,20,2630,2777,20,26,0,8,82,132,0,3,4,0,492,266,4,0,15,15,2107,2472,15,27,0,0,168,323,0,3,14,11,2067,1654,33,28
20260,Ararat,5,13,2179,2459,21,29,5,0,105,149,0,3,0,0,498,395,3,3,5,10,1653,2035,20,23,0,0,102,174,0,0,30,69,1860,2148,34,24
20570,Ballarat,212,186,21697,22358,117,142,38,44,1518,1777,15,22,52,21,5613,3033,19,14,155,156,15905,19076,89,124,4,8,780,1364,5,4,251,179,16517,11559,278,194
20660,Banyule,134,135,28234,30127,137,145,14,15,1612,1764,6,18,37,17,6701,4514,22,13,98,107,21298,25287,100,125,8,8,1254,1928,5,16,101,89,18911,13162,203,153
20740,Bass Coast,36,43,5951,6358,73,72,3,11,372,459,4,10,3,7,1150,656,9,8,30,38,4729,5606,62,58,0,5,428,937,4,6,46,41,6630,5074,105,81
20830,Baw Baw,74,68,9892,11088,71,63,13,20,610,587,3,11,19,0,1965,948,16,6,47,65,7815,9999,53,46,0,13,586,1140,6,4,66,48,8094,5578,97,78
20910,Bayside,35,46,22153,23548,97,105,3,7,1113,1076,10,13,8,9,3321,1932,11,12,23,39,18652,21415,75,99,3,3,1485,1573,4,10,24,27,15849,9995,194,88
21010,Benalla,27,21,2674,2887,21,20,0,9,141,171,0,3,4,3,537,284,0,0,24,17,2094,2566,21,17,4,0,148,353,0,3,49,32,2671,1966,45,31
21110,Boroondara,68,78,40097,41709,140,165,4,0,2253,2554,5,13,15,13,6624,4420,12,9,54,63,33092,36913,122,153,3,3,2077,2331,7,5,49,49,26669,17352,222,158
21180,Brimbank,112,148,34921,44259,258,337,24,23,4392,4754,35,41,31,17,4908,3046,24,11,82,130,29302,40070,217,291,4,6,1062,2387,10,16,138,83,34185,23772,461,371
21270,Buloke,9,8,1102,1353,9,10,3,0,42,66,0,0,0,0,273,131,5,0,3,3,805,1205,3,9,0,0,59,146,0,0,4,8,1139,879,22,14
21370,Campaspe,101,113,7375,8199,69,93,25,27,350,409,3,4,7,6,1253,581,12,5,90,101,6024,7500,52,86,0,0,423,813,8,16,154,132,6097,4692,107,74
21450,Cardinia,122,143,20716,23714,108,143,17,18,1359,1192,6,14,19,7,3034,1501,13,6,99,132,17455,21867,92,125,4,8,955,1784,10,16,87,78,12420,7686,167,104
21610,Casey,253,314,61713,74891,349,400,38,42,5238,5251,42,50,57,25,8678,4661,36,19,195,272,52184,68932,297,354,8,14,2345,4760,4,17,227,132,42944,26841,469,301
21670,Central Goldfields,18,14,2021,2249,26,19,8,5,163,247,5,10,0,3,357,197,3,0,18,14,1634,2021,21,14,0,3,104,213,3,3,45,25,2874,2371,63,58
21750,Colac-Otway,39,51,4387,4981,45,48,6,3,163,227,0,0,7,5,536,310,11,3,35,39,3796,4595,35,43,6,4,269,502,4,5,45,28,3371,2475,71,66
21830,Corangamite,21,25,3244,3820,25,36,5,0,118,165,3,0,4,0,498,220,5,0,14,17,2686,3532,22,32,0,3,301,531,3,7,24,20,2562,1904,54,44
21890,Darebin,222,199,34309,35216,166,190,37,30,2506,2811,17,30,53,35,7497,4728,34,9,172,153,26417,29986,119,156,12,8,1754,2359,6,10,188,161,22100,15830,237,202
22110,East Gippsland,149,158,8112,8427,65,93,32,40,475,596,3,14,36,21,1775,910,12,3,109,126,6242,7405,53,82,3,10,507,1000,0,13,236,186,8407,7198,137,129
22170,Frankston,230,245,29887,32659,187,197,38,40,2121,2130,16,21,47,23,5045,2641,31,12,180,216,24524,29556,145,182,3,21,1272,2452,3,12,203,147,20027,13418,289,182
22250,Gannawarra,23,22,1986,2332,15,29,4,6,91,118,0,0,6,0,400,184,3,0,12,22,1556,2106,15,22,0,0,144,300,0,3,40,31,1959,1491,41,25
22830,Greater Shepparton,291,284,12439,13759,101,98,56,69,748,967,7,6,57,35,2513,1419,26,7,224,243,9753,12109,77,84,5,19,490,979,4,11,360,302,9667,7415,180,104
22910,Hepburn,18,20,3031,3209,31,38,0,0,158,187,0,3,3,0,604,341,3,3,15,17,2387,2808,28,29,3,0,334,480,0,5,30,14,2780,2142,44,41
22980,Hindmarsh,11,10,1025,1235,3,18,3,0,48,72,0,3,6,3,313,159,0,0,6,8,699,1060,0,13,0,0,61,158,0,0,18,13,1129,892,23,11
23110,Hobsons Bay,84,101,19521,22030,103,132,12,17,1350,1527,12,16,28,17,3716,2264,21,10,56,85,15612,19451,81,109,0,9,849,1215,4,8,76,54,13672,9275,141,120
23190,Horsham,30,35,4319,4669,28,29,8,7,193,258,0,6,11,12,1104,576,4,0,21,25,3178,4033,21,29,3,0,175,361,0,3,50,30,3155,2094,51,29
23270,Hume,221,276,35753,44328,195,258,45,30,3516,4090,32,40,51,35,5401,3158,21,12,160,236,29809,40298,165,219,8,16,1384,2847,6,16,231,139,33016,21688,357,281
23350,Indigo,44,23,3617,3730,27,46,5,0,162,163,0,0,8,3,823,467,9,3,30,23,2751,3213,19,42,3,0,235,425,0,3,26,27,2356,1998,43,29
23430,Kingston (Vic.),106,140,35454,38048,162,192,8,8,1916,2295,11,14,27,15,5959,3475,28,10,78,125,29127,34085,133,172,0,12,1618,2628,8,9,90,48,23092,15726,264,186
23670,Knox,135,174,36635,40010,174,224,14,16,2125,2392,14,15,19,7,5609,3376,15,15,112,167,30670,36151,152,197,0,14,1373,2642,4,24,91,64,23659,15764,204,169
23810,Latrobe (Vic.),135,131,13939,15095,82,110,49,57,1242,1775,10,20,40,26,3634,1586,19,8,94,101,10158,13300,60,91,3,3,414,796,4,5,180,152,12610,9068,225,159
23940,Loddon,12,17,1261,1526,12,21,0,4,59,87,0,0,0,0,230,111,0,0,12,17,1005,1387,12,18,0,0,110,247,3,0,26,23,1345,1196,22,20
24130,Macedon Ranges,40,61,10256,11242,67,79,10,6,466,510,4,3,3,9,1967,1328,7,0,34,53,8206,9826,51,67,3,5,706,996,8,3,45,34,6500,4668,92,72
24210,Manningham,41,49,24866,27611,130,117,5,3,1621,1807,3,9,10,4,3859,2476,16,5,33,47,20710,24786,100,100,0,6,1154,1911,11,11,26,14,21831,14917,223,134
24250,Mansfield,19,8,1800,1922,12,14,0,0,48,79,0,0,4,0,317,140,3,0,15,9,1465,1748,12,8,0,5,140,263,0,3,13,11,1354,1161,28,14
24330,Maribyrnong,87,93,19339,21948,90,93,18,23,1717,1975,6,18,32,11,3913,2632,7,3,54,77,15181,19016,70,83,6,4,828,1146,0,10,49,73,10531,7812,121,120
24410,Maroondah,108,109,26255,28227,124,110,8,10,1425,1563,3,9,29,6,4734,2791,14,9,85,101,21273,25130,104,96,3,7,1100,1927,9,10,79,61,16683,10727,175,113
24600,Melbourne,105,120,31238,33364,153,170,24,10,4250,3678,20,19,26,25,4940,3872,21,12,79,101,25966,29140,126,137,3,7,1137,1371,4,11,68,100,22396,17041,128,106
24650,Melton,187,204,27269,31997,168,196,34,28,2429,2420,11,15,41,23,4319,2525,16,7,144,182,22569,28993,141,169,5,5,854,1715,6,5,215,173,18561,11921,195,129
24780,Mildura,224,231,10524,11334,87,106,73,64,701,905,4,28,53,36,1546,1001,15,4,169,190,8855,10151,68,96,0,8,382,769,3,3,372,245,8364,6284,124,100
24850,Mitchell,85,118,8192,9835,76,100,11,17,565,492,9,11,18,26,1432,1352,16,17,67,82,6657,8352,60,77,0,3,326,690,0,4,84,71,5794,4164,88,67
24900,Moira,58,75,5428,6154,41,52,9,10,294,307,4,5,9,6,670,369,10,3,51,56,4664,5690,31,51,3,8,272,623,0,3,85,75,5138,4098,84,77
24970,Monash,77,79,37416,42497,147,162,6,8,3409,3490,12,21,18,12,6100,4517,22,9,57,60,30884,37406,118,141,3,7,1490,2532,3,13,71,63,33750,24737,266,186
25060,Moonee Valley,108,115,28116,29157,116,145,4,7,1602,1816,11,15,36,22,5631,3419,19,19,74,88,22204,25425,93,114,3,4,1008,1561,6,3,43,41,17387,12010,204,147
25150,Moorabool,55,74,6733,7660,53,54,5,11,410,458,3,5,9,8,1590,787,0,3,45,64,5058,6756,52,49,0,0,269,523,4,5,41,45,4740,3276,72,59
25250,Moreland,189,167,38216,41406,170,207,22,28,2633,3203,14,19,61,33,8540,5344,28,15,122,132,29250,35483,128,171,3,11,1746,2754,6,21,108,81,24459,16606,283,225
25340,Mornington Peninsula,219,256,32014,34602,170,240,28,29,1653,1745,10,15,57,62,5275,3400,24,20,160,185,26389,30774,137,204,9,17,2055,3572,10,21,180,145,28242,20091,400,246
17100,Strathfield,27,32,8592,10896,37,33,0,4,706,750,7,4,8,15,1125,945,3,3,21,16,7295,9755,28,29,0,0,311,570,0,0,10,16,6369,4187,37,28
17150,Sutherland Shire,508,566,53953,57245,247,253,36,39,1998,2030,19,13,119,108,10155,7274,34,29,378,440,43348,49403,192,209,22,24,2269,3551,4,14,273,198,30627,21267,286,193
17200,Sydney,409,505,53508,62366,206,253,64,87,3555,3762,16,17,112,140,7873,7806,21,28,293,352,44985,53802,174,204,4,31,2269,3214,7,9,437,383,24171,19604,185,158
17310,Tamworth Regional,845,882,11634,12396,98,142,166,163,620,645,12,3,192,114,2332,1571,12,13,636,742,9171,10661,75,119,24,36,538,977,3,8,897,696,8370,5987,125,94
17350,Temora,13,26,1146,1308,9,10,11,3,45,69,0,0,5,5,180,145,0,0,14,21,951,1138,8,6,0,6,96,172,0,0,24,22,1102,813,21,20
17400,Tenterfield,43,26,1085,1178,12,12,14,10,86,86,0,0,5,4,154,139,0,0,35,26,913,1017,12,11,3,0,113,210,0,0,82,67,1166,1029,17,22
22310,Glen Eira,63,53,33653,35602,125,129,6,9,2031,2215,11,10,20,4,5429,3519,15,5,42,50,27901,31680,104,117,3,7,1904,2411,12,6,30,17,21131,13990,193,116
22410,Glenelg,66,68,3743,4341,43,47,13,16,211,287,5,0,18,6,885,373,5,0,47,62,2813,3909,34,44,0,0,213,375,4,3,65,55,3353,2579,61,47
22490,Golden Plains,27,37,4633,5407,45,48,8,4,233,259,0,0,9,3,1039,523,5,3,16,26,3542,4823,34,45,0,0,218,435,4,3,27,26,2823,2234,45,25
22620,Greater Bendigo,256,288,23425,24366,150,186,57,53,1470,1721,18,13,58,32,5449,3010,31,14,192,240,17775,21129,102,159,3,16,907,1643,4,9,296,202,17481,12610,277,203
22670,Greater Dandenong,63,77,25029,34778,133,226,16,17,3100,3718,21,25,9,6,2727,1830,10,4,49,70,21735,31965,111,196,3,3,880,1964,4,9,109,61,28742,20277,314,273
22750,Greater Geelong,389,386,49832,52376,297,301,53,57,3150,3729,30,35,96,60,11160,6578,44,18,288,317,38167,45128,232,259,9,17,2139,3455,12,19,352,314,39049,28399,545,399
25430,Mount Alexander,20,26,3654,3776,42,37,6,3,190,220,3,3,8,8,869,517,9,3,15,19,2754,3216,25,29,0,7,353,537,7,10,28,63,3349,3153,50,48
25490,Moyne,28,35,3488,4112,28,33,3,3,134,147,3,0,5,0,705,319,4,4,21,34,2740,3744,15,35,0,0,256,607,3,4,20,14,2315,1646,42,28
25620,Murrindindi,34,36,2686,3142,30,27,0,7,160,149,0,3,5,10,464,302,6,0,30,26,2185,2778,22,29,4,0,185,445,0,8,23,17,2254,1906,37,32
25710,Nillumbik,61,55,15603,16686,91,78,0,0,656,780,5,18,19,7,3387,2057,22,9,47,46,12106,14498,65,66,6,4,852,1200,3,10,22,17,7557,5433,64,51
25810,Northern Grampians,16,27,2269,2511,14,25,4,4,83,162,5,0,3,4,508,280,0,5,8,21,1735,2193,8,19,0,0,114,225,0,0,41,26,2138,1645,35,32
25900,Port Phillip,98,96,28552,28761,107,99,9,12,1454,1580,11,11,24,17,4551,2786,9,10,66,77,23789,25724,96,88,3,4,1620,1794,3,4,53,60,10747,7937,112,117
25990,Pyrenees,14,15,1216,1402,9,16,5,0,74,93,3,3,3,3,286,133,0,0,11,10,913,1242,10,11,0,0,74,163,0,4,23,39,1236,1433,21,19
26080,Queenscliffe,7,0,505,530,0,3,0,0,19,13,0,0,0,0,99,64,0,0,3,0,402,458,0,3,0,0,46,62,0,0,0,0,709,500,10,9
26170,South Gippsland,33,48,5706,6320,40,42,5,5,275,334,0,0,0,3,1049,493,4,0,29,43,4566,5725,31,37,0,3,513,974,0,4,52,34,4985,3733,79,51
26260,Southern Grampians,29,26,3412,3725,17,29,3,9,139,175,0,3,5,3,750,350,3,0,20,22,2629,3326,19,32,0,0,209,443,3,3,59,21,2702,1917,52,23
26350,Stonnington,72,103,27683,28482,96,96,9,5,1566,1516,8,3,19,22,3862,2629,5,3,51,82,23569,25574,79,95,4,3,1422,1571,7,9,26,20,14911,9220,123,85
26430,Strathbogie,13,23,2047,2236,14,31,0,0,110,100,0,3,0,3,294,213,0,0,13,20,1723,1985,11,23,0,0,143,307,0,3,15,27,1851,1486,29,25
26490,Surf Coast,39,32,6686,7229,42,52,5,3,273,273,6,4,9,0,1480,882,7,0,26,28,5148,6273,34,42,0,0,500,780,3,4,19,20,4147,3106,44,36
26610,Swan Hill,102,110,3802,4465,29,67,23,22,174,235,0,3,16,15,805,389,5,4,82,92,2935,3997,19,56,3,0,165,328,0,4,145,91,3002,2179,75,49
26670,Towong,18,12,1193,1425,11,15,0,7,52,75,0,0,0,0,299,165,0,0,14,6,878,1241,8,18,0,0,124,242,0,8,24,13,957,821,13,17
26700,Wangaratta,45,61,6064,6339,51,57,8,9,285,300,0,6,9,3,1330,699,14,4,36,62,4668,5546,37,51,3,0,330,601,0,3,54,43,4573,3325,75,69
26730,Warrnambool,72,91,7552,7807,40,48,18,23,385,417,4,11,18,11,1570,832,4,0,49,77,5890,6878,28,39,0,3,290,502,0,0,80,55,5199,3536,88,67
26810,Wellington,92,83,8367,9257,63,74,19,14,471,678,8,10,31,12,1746,1056,10,8,61,64,6512,8079,51,63,4,3,510,883,8,10,90,126,7019,6057,93,84
26890,West Wimmera,0,4,839,997,9,9,0,0,24,45,0,0,0,0,208,87,0,0,0,4,625,893,9,9,0,0,75,152,4,0,10,5,609,462,9,4
26980,Whitehorse,62,71,35861,38415,126,160,11,7,2590,2970,9,16,8,8,6445,4287,19,8,54,60,29079,33673,102,136,0,0,1628,2385,3,8,60,41,28568,19642,266,169
27070,Whittlesea,294,289,40280,47153,225,304,30,39,3225,3509,31,30,71,38,6799,4148,24,17,220,243,32912,42215,182,260,10,11,1288,2743,6,12,218,141,30770,20302,397,256
27170,Wodonga,149,140,8425,9399,31,54,26,24,557,543,5,4,41,45,1894,1672,7,5,107,91,6439,7631,25,41,5,4,315,513,0,3,146,108,5608,3843,105,68
27260,Wyndham,267,282,43283,54099,225,247,46,48,4596,4089,22,23,58,35,6266,4514,15,16,202,235,36385,48689,197,207,6,14,1787,2622,8,4,221,249,28970,17253,214,180
27350,Yarra,102,93,25266,25134,80,108,11,11,1327,1452,10,12,22,17,5099,3395,11,11,76,84,19951,21523,64,94,7,8,1347,1621,3,7,48,56,9239,6738,100,82
27450,Yarra Ranges,246,260,34813,38633,197,272,25,26,1708,1779,10,15,46,29,5645,3193,25,16,191,221,28763,34920,166,231,8,24,1906,3637,3,18,209,126,21250,14880,351,211
27630,Yarriambiack,4,5,1189,1398,13,11,0,3,50,79,0,3,3,0,324,124,0,0,3,6,861,1250,7,10,0,0,71,180,0,3,17,19,1254,1042,26,22
29399,Unincorporated Vic,3,0,181,250,3,0,0,0,3,12,0,0,0,0,4,5,0,0,3,0,173,237,3,0,0,0,10,14,0,0,0,0,48,43,0,0
30250,Aurukun,62,86,34,47,0,0,60,75,0,0,0,0,21,36,11,25,0,0,41,52,15,23,0,0,0,0,0,0,0,0,279,215,3,3,0,0
30300,Balonne,111,113,868,1031,15,16,19,28,22,31,0,3,24,19,180,102,3,0,83,90,678,914,8,16,5,6,44,97,0,0,118,78,381,301,12,7
30370,Banana,99,90,2985,3948,36,32,21,19,117,140,0,3,12,12,539,420,6,0,80,80,2423,3477,24,31,3,0,190,342,0,0,82,48,1577,953,24,14
30410,Barcaldine,30,33,650,717,6,11,3,0,22,19,0,0,12,10,189,142,3,0,15,25,455,575,3,11,0,0,39,55,0,3,16,15,333,248,3,4
30450,Barcoo,3,3,64,90,0,0,0,0,0,0,0,0,0,0,28,29,0,0,4,6,37,58,0,0,0,0,11,16,0,0,5,0,21,21,0,0
30760,Blackall-Tambo,14,20,428,468,0,0,0,7,12,20,0,0,5,3,108,85,0,0,12,13,309,378,0,0,0,4,39,72,0,0,16,13,267,208,4,0
34710,Longreach,29,37,938,914,9,7,4,3,18,41,3,0,9,3,223,178,3,0,17,32,695,720,9,7,0,3,47,88,0,0,29,20,368,266,3,3
34770,Mackay,864,974,23190,27353,162,190,253,244,2064,2355,23,28,160,64,4229,1960,29,7,681,871,18713,25099,123,175,12,24,1010,1182,13,9,787,470,14492,9755,200,152
34800,McKinlay,6,6,196,273,3,0,0,0,5,10,0,0,0,0,47,44,0,0,6,6,150,232,3,0,0,0,15,26,0,0,3,0,52,39,3,0
34830,Mapoon,29,31,6,11,0,0,9,18,0,0,0,0,20,16,4,7,0,0,12,14,0,8,0,0,0,0,0,0,0,0,57,44,3,3,0,0
34860,Maranoa,146,158,2784,3204,24,29,33,24,68,120,0,0,37,25,661,395,4,3,112,127,2094,2784,19,25,6,14,183,336,0,4,129,81,1218,859,12,7
34880,Mareeba,184,238,3768,4019,37,35,75,110,247,311,7,6,62,38,748,501,9,4,125,191,2975,3475,28,35,3,3,249,373,0,3,439,926,2702,2669,45,29
35010,Moreton Bay,1833,1908,88826,95894,494,540,414,417,7200,7695,59,66,370,256,16997,12024,67,45,1439,1599,70939,82717,399,456,42,81,3967,6127,23,26,1809,1378,62141,44374,678,520
35250,Mornington,107,97,49,58,0,0,36,63,0,0,0,0,42,55,42,32,0,0,68,43,12,24,0,0,0,0,0,0,0,0,168,122,0,3,0,0
35300,Mount Isa,452,462,3621,4512,25,27,117,120,149,189,4,4,128,56,908,336,7,0,317,397,2683,4134,18,24,4,7,90,91,0,0,505,303,1129,813,17,12
35600,Murweh,64,55,944,962,11,8,15,22,29,42,0,3,9,17,292,176,3,3,51,44,638,775,7,8,0,0,45,99,0,0,90,61,448,345,3,6
35670,Napranum,43,73,7,25,0,0,29,41,0,5,0,0,14,18,0,12,0,0,31,54,4,9,0,0,0,0,0,0,0,0,240,188,0,4,0,0
35740,Noosa,140,143,10744,10859,54,77,25,22,676,838,10,8,14,13,1216,830,8,6,118,122,9408,9900,40,67,15,15,1054,1444,6,8,86,77,9340,7391,117,70
35760,North Burnett,90,99,1893,2212,18,24,20,21,84,112,3,8,14,14,351,216,4,0,77,79,1521,1940,10,22,3,3,142,300,0,0,116,93,1474,1244,28,32
35780,Northern Peninsula Area,339,270,92,100,0,0,81,110,3,5,0,0,148,110,31,34,0,0,185,157,52,66,0,0,0,4,3,10,0,0,355,277,20,22,0,0
35790,Palm Island,207,189,45,46,0,0,90,116,0,0,0,0,73,85,18,16,0,0,128,105,29,23,0,0,0,3,0,0,0,0,468,451,7,7,0,0
35800,Paroo,66,41,291,323,3,3,6,10,4,14,0,0,25,9,68,52,0,0,37,29,223,264,0,3,0,7,28,51,0,0,91,58,144,149,8,4
36070,Pormpuraaw,63,74,38,39,0,0,19,29,0,0,0,0,24,40,17,14,0,0,37,30,13,27,0,0,0,0,0,3,0,0,146,116,6,5,0,0
36150,Quilpie,21,28,185,218,3,3,0,4,0,7,0,0,3,8,51,49,0,0,14,24,127,169,3,3,0,0,11,23,0,0,18,10,57,41,3,3
36250,Redland,637,620,33275,35274,166,185,76,115,1996,2351,13,10,116,70,5961,3464,20,20,510,528,27008,31428,140,153,18,34,1484,2332,10,12,455,310,21955,15923,225,143
36300,Richmond,5,8,187,224,0,0,3,3,3,3,0,0,0,3,44,67,0,0,5,5,139,152,0,0,0,0,14,17,0,0,7,4,62,60,3,0
36370,Rockhampton,780,767,15700,16865,105,103,220,286,1185,1746,17,15,185,100,3641,2302,14,17,582,647,11911,14399,86,83,0,23,476,839,0,5,891,537,10687,7720,218,158
36510,Scenic Rim,175,193,7859,8579,60,62,26,39,484,530,3,0,27,29,1325,953,6,6,144,154,6454,7533,47,50,11,5,625,968,3,5,164,123,6441,5008,107,73
36580,Somerset,98,90,4133,4836,51,62,27,31,346,397,3,12,20,9,800,554,8,7,73,79,3277,4222,34,50,3,4,256,472,0,6,154,108,4088,3406,57,50
36630,South Burnett,184,200,5281,5860,62,67,46,61,375,446,4,15,41,21,1110,616,4,3,141,170,4113,5149,59,53,0,10,339,623,3,3,302,269,5817,4932,84,83
36660,Southern Downs,182,196,6435,7141,62,78,49,41,386,450,4,14,28,14,1075,725,6,5,152,171,5283,6320,47,63,4,7,392,742,9,7,257,194,6240,4737,110,87
36720,Sunshine Coast,953,1089,62727,64203,332,339,175,191,4616,4949,27,29,148,103,9778,6000,34,14,783,969,52356,57449,278,297,44,76,4338,6269,20,34,710,561,48870,35538,528,362
36820,Tablelands,216,194,4485,4668,40,54,53,87,283,354,9,8,52,38,933,595,3,4,153,146,3504,3999,29,50,3,3,314,547,0,4,352,227,4002,3306,116,65
36910,Toowoomba,852,962,33031,35961,182,196,174,245,2192,2502,11,25,165,130,7016,5121,29,15,684,811,25735,30467,143,165,19,22,1482,2472,11,12,925,649,24000,16394,289,229
36950,Torres,420,365,280,302,7,4,50,60,4,3,0,0,162,124,121,100,0,0,246,223,151,197,3,9,5,20,3,15,0,0,303,264,44,46,4,4
36960,Torres Strait Island,384,461,63,65,0,3,64,115,0,8,0,0,204,249,41,27,0,3,169,201,16,41,0,0,3,5,0,5,0,0,761,627,50,52,0,0
37010,Townsville,1674,1705,40197,42418,215,236,489,538,3228,4118,27,40,495,376,11026,10252,46,43,1151,1299,28835,31722,164,181,25,38,1437,2003,14,13,2000,1695,21844,16829,219,202
31000,Brisbane,3195,3279,272421,289463,971,1122,496,628,18708,21746,87,113,878,618,60634,43863,162,145,2288,2608,209478,242653,769,909,81,120,11641,15777,44,57,2384,2191,150473,107095,1179,917
31900,Burdekin,124,127,3402,4121,32,44,32,52,185,204,4,5,21,26,557,353,5,3,95,96,2804,3716,31,41,0,0,172,320,0,4,171,96,2445,1857,37,22
30900,Boulia,7,15,88,107,0,0,6,7,0,0,0,0,3,9,25,21,0,0,3,7,59,88,0,0,0,0,3,4,0,0,17,22,9,14,0,0
31750,Bulloo,8,15,80,110,0,0,0,0,6,0,0,0,10,6,31,22,0,0,4,5,54,86,0,0,0,0,6,5,0,0,9,0,16,16,0,0
31820,Bundaberg,417,460,16025,16861,94,116,123,178,1585,2096,13,14,54,61,3000,1921,17,3,353,381,12828,14709,73,106,5,15,707,1176,5,9,660,479,17231,13898,248,191
31950,Burke,15,38,43,50,3,3,7,5,0,0,0,0,8,13,8,12,0,0,10,24,28,38,3,3,0,0,0,3,0,0,19,16,7,16,0,0
32080,Cairns,1997,1725,33800,34469,211,211,550,594,2114,2747,16,36,514,316,7415,5070,29,22,1441,1376,26048,28985,159,162,36,61,1651,2553,8,19,2339,1547,16802,13356,215,178
32250,Carpentaria,111,111,261,325,4,9,30,21,11,11,0,0,32,29,73,79,0,0,69,71,184,241,3,8,0,0,6,22,0,0,149,100,107,130,5,4
32260,Cassowary Coast,357,387,5171,6013,66,88,102,135,309,466,3,12,58,42,859,552,11,6,292,334,4245,5376,56,72,5,9,296,566,0,9,487,290,3851,3322,78,57
32270,Central Highlands (Qld),158,240,5566,7386,47,64,26,43,353,347,0,10,25,16,969,417,8,3,136,220,4528,6906,43,56,0,4,290,335,0,0,148,101,2382,1398,35,24
32310,Charters Towers,102,106,2147,2185,17,31,42,54,146,201,0,0,21,16,474,321,3,3,72,84,1646,1844,13,26,0,0,95,144,0,0,164,162,1625,1323,33,22
32500,Cook,115,158,655,746,19,20,37,35,23,43,0,0,28,23,178,145,3,4,93,131,468,588,13,13,0,4,42,78,0,0,131,95,331,449,9,10
32600,Croydon,3,5,46,55,3,0,5,3,3,0,0,0,3,0,13,16,0,0,3,3,32,36,0,0,0,3,0,4,0,0,12,10,16,16,0,0
32330,Cherbourg,67,62,0,0,0,0,56,76,0,0,0,0,27,36,0,0,0,0,38,24,0,0,0,0,0,0,0,0,0,0,269,207,10,9,0,0
32450,Cloncurry,80,142,500,785,8,12,16,26,8,18,0,0,22,29,130,76,3,0,54,101,362,708,5,12,0,0,6,23,0,0,115,71,135,126,3,8
51470,Carnamah,3,6,98,150,0,0,0,3,7,6,0,0,0,0,27,17,0,0,3,6,72,126,0,0,0,0,8,10,0,0,4,0,78,58,0,0
37300,Weipa,151,195,736,1030,13,16,8,7,20,22,0,0,34,3,194,61,0,0,116,186,542,960,13,16,0,0,22,10,0,0,73,33,178,74,3,0
37310,Western Downs,213,224,6145,7750,37,55,55,65,380,456,5,6,30,24,1207,714,12,6,176,194,4883,6942,27,49,4,10,357,704,4,4,316,220,4190,2869,51,53
37340,Whitsunday,233,291,6955,8052,68,82,53,73,417,569,7,3,37,19,826,453,5,3,192,263,6052,7491,63,77,7,10,390,497,3,8,241,163,3648,2955,67,64
41140,Clare and Gilbert Valleys,14,23,1937,2135,14,32,3,3,66,69,0,3,4,0,230,124,3,4,14,16,1688,1979,14,25,0,0,140,237,0,3,18,10,1420,1120,16,15
32810,Douglas,129,141,2544,2640,27,24,23,30,98,149,3,3,29,22,317,184,5,4,92,113,2191,2421,23,21,3,8,222,257,0,0,147,107,1180,1139,21,23
33100,Etheridge,0,3,156,193,4,3,3,0,3,13,0,0,0,0,39,37,0,0,0,4,114,156,4,3,0,0,17,24,0,0,7,9,87,96,0,5
32750,Diamantina,10,11,67,74,0,0,6,0,3,0,0,0,3,9,18,17,0,0,3,5,50,58,0,0,0,3,6,4,0,0,6,4,3,13,0,0
32770,Doomadgee,119,99,29,30,0,0,32,36,0,0,0,0,43,56,26,22,0,0,74,50,0,11,0,0,0,0,0,0,0,0,273,205,0,0,0,0
33960,Ipswich,1148,1239,38405,43033,220,239,280,309,3728,3939,21,35,264,159,7757,6396,23,23,868,1037,30270,36021,187,194,20,53,1404,2058,5,16,1174,874,25338,17393,297,236
33200,Flinders (Qld),15,18,331,414,9,8,0,3,15,14,0,0,3,7,74,83,5,0,14,11,247,319,4,0,0,0,31,50,0,0,19,16,180,123,0,3
33220,Fraser Coast,485,445,15596,15520,108,114,132,172,1765,2300,17,27,89,52,3287,2123,21,16,376,387,12119,13177,84,93,10,21,791,1328,8,8,690,689,21087,18198,253,224
33360,Gladstone,355,392,11397,14778,70,85,101,150,1310,1774,9,21,71,42,2121,1266,9,5,277,341,9192,13358,62,70,11,6,534,538,5,0,350,220,7728,5181,91,53
33430,Gold Coast,1745,1893,124698,130910,629,672,245,248,9217,9795,65,63,280,161,17150,10221,61,44,1434,1695,106208,119096,532,588,59,131,7038,11276,41,62,1199,806,79569,56143,864,571
33610,Goondiwindi,69,84,2155,2494,25,25,9,17,66,92,0,6,11,16,340,175,3,0,57,62,1793,2299,20,27,4,3,138,236,0,0,105,64,1319,918,26,26
33620,Gympie,178,207,8134,8822,75,81,42,73,791,943,10,12,29,26,1320,814,6,12,147,181,6716,7886,59,71,12,6,550,990,6,3,321,221,9242,7646,115,109
33800,Hinchinbrook,58,73,1968,2431,22,21,13,15,116,145,0,0,7,15,337,236,3,0,47,58,1612,2159,17,21,0,0,81,192,0,3,122,129,1818,1461,22,28
33830,Hope Vale,86,119,8,20,0,0,69,86,0,3,0,0,40,40,7,10,0,0,45,72,3,4,0,0,0,0,0,0,0,0,121,80,4,6,0,3
33980,Isaac,134,176,3801,5766,39,53,14,15,267,217,0,6,29,8,726,275,4,5,107,163,3053,5456,37,46,0,0,176,140,0,0,66,39,1704,788,20,19
34420,Kowanyama,80,76,32,39,0,0,67,68,0,0,0,0,57,49,16,24,0,0,22,26,10,18,0,0,0,0,0,3,0,0,173,117,0,3,0,0
34530,Livingstone,224,215,7194,7674,62,58,42,59,536,677,4,7,44,29,1486,925,3,4,173,185,5643,6663,54,45,4,3,357,593,3,0,166,382,5018,4405,68,65
34570,Lockhart River,73,84,20,21,0,0,17,21,0,0,0,0,32,27,11,6,0,0,35,41,8,8,0,0,0,0,0,0,0,0,106,73,3,11,0,0
34580,Lockyer Valley,155,197,7219,8025,74,94,42,42,639,659,3,8,28,21,1279,835,14,6,121,172,5864,7077,52,82,0,5,373,587,3,7,216,258,5975,4766,95,87
34590,Logan,1337,1553,59656,68681,312,415,305,307,5904,6208,41,61,244,131,10257,5658,44,21,1069,1378,48667,61919,247,367,38,70,2509,4694,18,35,1446,920,42801,28907,495,371
40910,Campbelltown (SA),64,33,11045,11681,47,72,12,4,786,903,7,3,16,12,2089,1467,10,7,48,23,8860,10114,37,63,0,0,502,1019,3,7,41,44,9068,6524,102,70
41010,Ceduna,78,70,650,709,7,18,10,12,14,22,0,0,19,12,151,86,0,0,59,49,487,617,4,15,4,0,27,75,0,3,118,85,290,244,8,7
37400,Winton,20,21,249,276,0,0,3,3,3,14,0,0,9,7,80,53,0,0,11,12,168,219,0,0,0,4,23,33,0,0,15,10,124,113,0,3
37550,Woorabinda,77,82,12,20,0,0,20,20,0,0,0,0,37,49,5,9,0,0,37,33,5,5,0,0,0,0,0,0,0,0,198,154,5,0,0,0
41060,Charles Sturt,243,234,24694,26242,143,167,50,55,1655,2176,15,18,75,36,4921,3311,21,10,164,189,19574,22688,114,145,3,5,995,1992,3,7,281,219,18987,14200,242,161
41190,Cleve,0,3,363,464,6,12,0,0,14,8,0,0,0,0,75,24,0,0,0,3,283,434,3,12,0,0,33,88,0,4,3,0,251,183,0,4
37570,Wujal Wujal,27,30,6,4,0,0,7,11,0,0,0,0,10,12,0,3,0,0,16,17,3,3,0,0,0,0,0,0,0,0,74,43,0,3,0,0
37600,Yarrabah,165,141,10,18,3,3,112,171,0,3,0,0,79,62,10,10,0,0,82,68,0,5,0,0,0,0,0,0,0,0,526,469,0,11,0,0
40070,Adelaide,27,27,4366,4802,27,21,10,12,584,645,4,3,13,8,949,910,3,5,17,18,3391,3866,26,18,0,0,201,273,3,0,45,83,4137,3959,35,20
40120,Adelaide Hills,40,49,9283,9999,60,75,3,6,432,451,0,7,8,5,1875,1432,9,10,32,47,7344,8512,48,60,3,3,679,1061,7,9,21,31,5284,4233,69,50
40220,Alexandrina,68,49,4827,5036,57,42,4,10,259,340,4,3,12,3,638,412,4,4,58,46,4144,4575,47,38,3,3,344,701,0,8,64,52,5180,4248,86,57
41330,Coober Pedy,43,31,267,299,4,5,4,6,11,41,0,0,5,10,79,60,0,0,34,16,183,230,0,3,0,0,21,49,0,0,64,40,149,258,3,5
41560,Copper Coast,33,46,2306,2520,20,26,13,20,203,235,0,6,7,6,283,189,3,3,25,36,2000,2311,15,25,0,3,162,292,0,4,77,45,2925,2452,53,34
40250,Anangu Pitjantjatjara,178,125,112,103,0,0,83,92,0,0,0,0,53,26,52,20,0,0,118,90,68,79,0,0,0,0,0,3,0,0,402,385,0,16,3,0
40310,Barossa,31,32,5147,5848,51,54,0,4,261,260,3,4,4,3,635,431,5,3,27,31,4491,5375,40,51,0,0,353,496,5,6,31,26,3708,2580,50,26
40430,Barunga West,10,7,399,490,0,4,0,3,23,29,0,0,0,0,63,31,0,0,10,6,332,451,0,4,0,0,30,78,0,0,5,7,554,477,6,11
40520,Berri and Barmera,49,45,2012,2159,28,27,4,22,113,173,0,4,13,10,334,195,0,0,37,34,1664,1937,23,22,3,3,98,193,0,0,95,69,1765,1439,33,27
40700,Burnside,24,19,9878,10125,43,40,7,4,596,652,4,0,7,3,1994,1510,8,5,17,18,7828,8548,31,34,0,0,554,765,6,0,24,15,8010,5333,85,57
41750,Elliston,3,6,219,262,3,4,0,0,8,14,0,0,0,3,44,19,0,0,3,7,171,243,3,4,0,0,18,47,0,0,3,3,138,125,4,0
41960,Franklin Harbour,3,3,232,292,0,3,0,0,11,21,0,0,0,0,41,19,0,0,3,3,185,271,0,3,0,0,19,45,0,0,3,4,203,174,10,0
42030,Gawler,59,53,4757,4908,36,37,15,20,400,463,0,9,12,7,791,575,10,0,51,40,3928,4279,31,37,0,0,201,390,0,4,78,35,3977,2964,49,42
42110,Goyder,7,8,722,943,7,3,3,3,49,61,0,0,0,0,73,51,0,0,7,8,642,876,10,3,0,3,55,110,0,3,20,8,728,578,12,12
42250,Grant,17,26,1715,2069,16,22,0,0,70,79,3,0,3,0,203,120,0,0,13,20,1501,1936,19,26,0,5,91,207,0,0,12,42,947,1273,16,11
42600,Holdfast Bay,54,61,8383,8348,41,41,8,4,427,553,4,3,18,5,1814,1245,0,6,35,50,6506,7051,41,31,0,3,383,635,0,0,34,20,6287,4472,59,40
42750,Kangaroo Island,13,16,1038,1058,16,27,0,3,40,78,0,0,3,0,156,92,0,0,12,16,880,957,14,24,0,4,102,188,0,0,7,10,640,598,16,11
43080,Karoonda East Murray,0,0,204,275,0,6,0,0,11,10,0,0,0,0,37,4,0,0,0,0,162,263,0,3,0,0,26,58,0,0,3,3,181,141,3,3
41830,Flinders Ranges,29,27,305,320,3,4,5,7,13,19,0,0,13,8,93,42,0,0,21,19,204,267,3,4,0,3,9,37,0,0,40,29,250,223,3,3
43220,Kimba,0,3,232,289,0,3,0,0,3,3,0,0,0,0,38,22,0,0,0,3,188,262,0,3,0,3,26,42,0,0,0,0,122,90,0,0
43360,Kingston (SA),8,15,462,559,3,0,0,0,24,24,0,0,0,0,50,15,0,0,8,13,404,532,3,0,0,0,31,67,0,0,4,14,398,302,6,9
43650,Light (RegC),24,28,3413,3795,20,28,4,5,187,210,3,0,5,3,536,392,0,3,21,27,2847,3379,22,24,3,0,194,351,3,3,18,16,1852,1369,24,9
43710,Lower Eyre Peninsula,14,13,1152,1318,16,23,0,0,53,64,3,3,9,3,189,96,3,0,12,12,952,1207,16,18,0,0,67,148,3,3,15,55,636,725,14,10
43790,Loxton Waikerie,34,29,2279,2592,21,31,4,8,98,134,3,4,6,3,356,235,0,0,29,23,1906,2327,18,26,0,0,109,210,0,0,46,25,1943,1565,33,22
43920,Mallala,41,44,1814,2174,12,25,10,11,137,144,0,3,12,7,258,164,0,0,31,38,1536,1981,11,20,0,0,96,239,0,6,34,23,1177,942,20,16
44340,Mitcham,68,67,15292,15354,73,70,13,12,838,1091,0,7,29,18,3732,2706,6,10,45,44,11477,12555,59,56,6,0,817,1276,4,3,54,45,10450,7665,83,79
44550,Mount Barker,52,62,7888,8267,51,54,10,9,406,458,3,10,9,12,1315,977,7,0,44,50,6527,7252,40,48,0,3,520,880,5,3,46,24,4639,3188,71,50
46450,Port Pirie City and Dists,54,46,3073,3281,13,27,17,24,290,441,0,5,13,3,564,318,3,3,44,41,2482,2942,8,30,0,0,105,182,0,3,123,80,3243,2552,57,42
44000,Maralinga Tjarutja,0,0,7,3,0,0,0,0,0,0,0,0,0,0,6,0,0,0,0,0,3,0,0,0,0,0,0,0,0,0,0,4,0,0,0,0
44060,Marion,161,152,20633,20696,102,119,17,36,1327,1759,7,15,38,33,4399,2857,8,8,120,124,16072,17642,82,101,4,12,801,1601,3,7,180,157,14734,10637,156,106
44210,Mid Murray,12,32,1443,1781,9,8,5,3,85,140,0,0,3,5,189,152,0,0,14,26,1233,1604,11,8,3,0,103,226,0,0,37,51,1607,1691,20,34
44620,Mount Gambier,81,79,5518,5871,28,38,11,23,356,444,0,0,8,6,677,429,3,3,77,70,4782,5386,29,27,0,4,195,331,0,0,91,46,4219,2965,56,38
44830,Mount Remarkable,14,10,554,661,5,7,0,3,25,46,0,3,10,0,124,68,0,0,4,12,427,579,4,9,0,0,42,103,0,4,12,17,492,409,11,12
45040,Murray Bridge,115,113,3845,4331,28,42,26,41,338,398,3,8,29,17,519,299,0,3,85,98,3289,3985,26,36,0,4,134,369,0,5,155,192,3492,2951,59,53
45400,Orroroo/Carrieton,0,0,181,207,6,6,0,0,3,9,0,0,0,0,49,13,0,0,0,0,133,193,3,6,0,0,7,35,0,0,3,0,141,118,3,0
45090,Naracoorte and Lucindale,27,24,1791,2346,17,30,4,0,68,101,0,0,4,0,213,105,0,0,19,22,1557,2207,19,28,3,0,123,228,0,0,17,9,1102,739,18,6
45120,Northern Areas,7,10,897,1064,11,5,0,6,38,53,0,0,0,0,150,81,0,0,6,10,736,975,11,5,0,0,57,129,0,3,14,17,735,619,10,8
45290,Norwood Payneham St Peters,39,37,8378,8451,29,28,7,5,559,642,0,3,11,9,1853,1296,5,4,23,27,6461,7095,22,22,0,10,434,642,0,0,35,29,6111,4380,69,47
45340,Onkaparinga,366,346,35916,37858,197,232,60,66,2678,3347,27,44,86,61,6477,4138,22,24,273,271,29182,33403,155,191,9,22,1604,3562,5,20,410,277,26417,19777,406,271
45540,Peterborough,10,9,248,219,0,5,0,0,30,43,0,3,0,0,45,26,0,0,7,4,199,189,0,6,0,0,11,19,0,0,18,17,362,349,3,8
45680,Playford,329,350,14577,17169,97,129,83,119,1972,2558,13,27,84,52,2023,1753,3,12,244,295,12406,15193,85,101,3,9,494,1036,10,10,547,369,14919,10568,228,154
45890,Port Adelaide Enfield,350,302,24471,26881,125,134,82,99,2179,2983,16,22,113,62,4712,3433,7,12,223,232,19519,23097,109,115,6,11,962,1805,11,4,539,501,20494,15981,261,190
46090,Port Augusta,262,250,2361,2393,16,23,78,125,115,249,0,0,84,45,661,455,4,8,169,184,1682,1924,10,20,0,5,43,96,0,0,468,461,1658,1663,41,28
46300,Port Lincoln,82,80,2878,3061,12,13,16,39,159,194,0,4,11,7,436,266,0,0,75,71,2415,2768,12,3,0,0,112,235,0,0,141,83,2080,1554,63,45
46510,Prospect,28,37,5044,5453,15,20,7,6,305,413,0,0,8,5,1164,836,0,3,17,30,3856,4571,12,19,0,0,205,394,0,0,24,29,2745,2066,24,24
46670,Renmark Paringa,23,29,1825,2147,18,31,8,6,122,165,0,3,0,3,264,144,0,0,23,25,1544,1970,17,27,0,4,71,155,0,3,44,31,1621,1157,26,32
46860,Robe,0,4,312,355,0,3,0,0,11,14,0,0,0,0,35,27,0,0,0,4,274,325,0,3,0,0,25,47,0,0,0,3,209,161,0,4
46970,Roxby Downs,20,51,772,1343,7,11,0,0,54,22,0,0,0,0,106,29,0,0,16,49,666,1310,7,8,0,0,18,7,0,0,7,5,223,75,0,0
47140,Salisbury,381,395,26049,30283,124,177,77,97,2628,3571,26,35,122,72,3986,3206,20,10,251,312,21788,26662,103,157,3,12,1016,2126,10,12,454,319,23367,17005,288,224
47290,Southern Mallee,0,8,435,531,5,3,0,3,16,12,0,0,0,0,70,30,0,0,0,9,353,497,5,3,0,0,37,89,0,0,8,3,269,217,6,5
47490,Streaky Bay,3,5,419,549,4,5,0,0,13,34,0,0,3,0,106,39,0,0,0,5,314,495,6,3,0,0,31,69,0,0,6,3,253,234,3,5
47630,Tatiara,10,12,1449,1916,19,23,0,0,37,49,0,0,0,0,201,80,3,0,10,15,1229,1816,20,24,0,0,90,218,0,3,15,14,746,562,17,9
47700,Tea Tree Gully,173,167,22800,23947,89,123,23,26,1397,1810,6,11,46,30,4580,3373,21,8,127,130,18081,20384,62,107,0,16,818,1837,4,9,134,111,15250,11278,173,109
47800,The Coorong,35,38,965,1233,14,15,14,14,45,49,0,3,14,8,156,64,0,0,20,30,805,1153,8,15,0,0,81,157,0,3,71,43,865,707,14,10
47910,Tumby Bay,3,3,473,590,8,9,0,5,21,19,0,0,0,0,97,23,0,0,0,3,372,558,3,9,0,0,46,94,3,0,16,8,495,377,12,10
48340,Wattle Range,32,36,2287,2626,23,26,8,10,130,183,0,3,0,3,293,159,7,0,30,40,1965,2440,20,26,0,3,113,224,0,6,26,27,1899,1520,31,28
48410,West Torrens,98,95,13333,14111,54,60,12,23,976,1237,4,3,40,14,2569,1762,7,7,55,73,10662,12198,41,49,3,0,506,1038,0,9,96,84,9461,7026,90,56
47980,Unley,38,42,9260,9079,37,31,3,7,523,609,3,0,8,14,2189,1488,10,9,29,28,7013,7538,31,24,0,0,498,611,0,0,24,16,6246,4187,82,44
48050,Victor Harbor,20,24,2270,2294,18,14,4,8,130,221,0,0,9,0,281,215,0,0,16,22,1971,2055,18,15,0,4,185,357,0,0,33,28,3915,2975,53,35
48130,Wakefield,18,22,1203,1514,5,20,3,8,77,103,0,0,3,0,141,107,0,0,17,15,1053,1394,5,23,0,0,88,175,0,3,29,19,1148,895,28,18
48540,Whyalla,113,90,3734,4307,29,34,33,50,399,690,3,8,18,5,777,280,0,3,86,81,2929,3982,20,25,0,0,100,127,0,0,198,132,3666,2811,54,49
50250,Ashburton,125,314,1661,6135,15,62,18,32,60,52,3,4,14,3,270,90,0,0,110,300,1384,6021,14,56,3,0,38,19,0,0,131,87,390,153,5,4
51960,Coolgardie,37,44,567,825,3,4,13,19,40,72,0,0,9,3,108,39,0,0,27,39,453,775,3,4,0,0,21,14,0,0,78,50,390,277,3,10
52030,Coorow,5,4,163,254,0,0,0,0,15,24,0,0,0,0,36,23,0,0,3,4,131,235,0,0,0,0,12,35,0,0,7,9,179,161,3,0
49399,Unincorporated SA,69,121,500,976,3,7,14,25,15,37,0,0,8,6,69,53,0,0,51,111,422,913,3,7,0,3,25,62,0,0,118,122,219,256,7,9
50080,Albany,131,162,7579,8003,47,64,21,38,329,477,4,3,38,23,1453,1020,9,4,95,135,6054,6897,35,60,3,3,413,733,0,10,163,323,5976,4430,88,56
50210,Armadale,239,294,16306,19275,77,98,80,88,1635,1823,7,17,60,29,3057,1833,7,8,171,256,13098,17245,66,88,7,3,620,1248,4,6,316,201,10699,6606,94,58
48260,Walkerville,6,7,1613,1755,6,6,4,5,85,112,0,0,3,0,370,287,3,0,5,11,1228,1454,4,9,0,0,88,106,0,0,12,3,1383,1041,26,15
48640,Wudinna,3,6,278,353,0,8,0,0,5,10,0,0,0,0,48,26,0,0,3,3,225,316,0,6,0,0,20,56,0,3,4,0,116,99,3,3
48750,Yankalilla,5,10,942,1002,12,6,0,0,55,73,0,0,0,0,137,80,0,4,9,9,793,909,4,4,0,0,84,181,0,0,8,7,1068,923,13,7
48830,Yorke Peninsula,24,37,1780,2164,25,29,11,18,77,140,0,0,7,8,226,157,3,0,18,26,1532,1978,21,29,0,0,176,363,3,5,64,49,2376,2139,35,30
50280,Augusta-Margaret River,36,28,3260,3521,19,31,7,6,143,172,3,3,7,4,477,219,0,0,30,24,2755,3268,14,30,0,4,318,514,4,3,19,20,1721,1250,15,18
50350,Bassendean,53,46,3443,3675,18,10,10,19,244,341,3,4,12,5,787,500,3,0,39,43,2633,3133,14,5,0,0,168,269,0,0,60,56,2182,1453,26,13
50420,Bayswater,128,138,15109,16935,46,62,25,30,1177,1472,8,7,46,18,3111,2025,9,6,81,116,11877,14727,41,53,0,7,665,1219,3,5,144,104,8932,6238,76,61
50490,Belmont,137,141,8165,10072,35,51,37,35,746,962,3,7,37,14,1367,880,3,0,99,122,6694,9058,26,48,0,5,264,690,0,0,186,109,5350,3628,54,44
50560,Beverley,3,6,291,354,6,7,0,3,15,22,0,0,4,0,59,32,3,0,4,3,227,319,3,6,0,0,21,55,0,0,21,11,297,244,6,3
50630,Boddington,7,11,332,495,11,4,5,3,21,25,0,0,0,0,65,20,0,0,7,7,263,468,11,4,0,0,15,19,0,0,14,19,229,134,6,10
50770,Boyup Brook,3,0,326,409,3,4,0,0,14,17,0,0,3,0,49,31,0,0,3,0,275,376,3,4,0,0,41,77,0,3,3,0,270,197,4,0
50840,Bridgetown-Greenbushes,3,13,920,985,5,9,0,3,59,64,0,0,0,0,207,110,0,0,3,11,709,860,5,9,0,3,95,129,0,0,10,9,798,628,16,8
50910,Brookton,7,4,164,208,3,3,6,8,3,11,0,0,0,0,35,21,0,0,6,4,126,184,3,3,0,0,9,27,0,0,19,16,136,98,4,3
50980,Broome,557,514,3082,3180,24,20,129,169,75,133,3,0,135,88,782,498,8,3,412,411,2266,2650,17,13,3,13,109,197,0,0,807,662,728,683,9,26
51120,Bruce Rock,3,5,176,223,4,6,0,0,5,9,0,0,0,0,56,20,0,0,3,3,112,197,0,6,0,0,18,32,0,0,8,3,132,105,3,0
51190,Bunbury,129,140,6401,6956,47,53,36,37,532,709,5,6,37,16,1188,587,4,4,89,128,5157,6301,39,45,3,8,258,460,0,3,194,198,5159,3653,67,40
51260,Busselton,82,93,7607,8199,52,48,11,19,412,524,5,4,10,13,999,564,3,0,67,83,6555,7570,40,44,0,6,571,998,3,5,80,52,5731,3953,73,49
51310,Cambridge,18,12,6136,6727,21,24,0,0,326,391,3,4,4,7,1308,828,4,0,10,7,4766,5856,16,18,0,0,389,418,0,3,9,8,3904,2363,22,16
51330,Canning,123,145,19118,22589,70,87,33,38,2100,2593,7,11,26,11,3980,2649,16,8,88,128,14945,19667,51,77,0,3,710,1320,4,3,154,83,13750,9631,110,64
51400,Capel,62,56,3733,4129,22,22,9,8,272,287,5,3,8,3,775,338,5,3,50,50,2920,3755,19,14,0,5,188,282,0,0,64,37,2139,1343,14,10
51080,Broomehill-Tambellup,10,9,195,255,3,5,5,11,11,13,0,0,3,8,60,17,0,0,3,4,136,228,3,5,0,0,14,40,0,0,25,19,118,84,3,3
51540,Carnarvon,108,94,1025,1101,6,15,30,43,29,65,0,0,32,21,195,144,3,0,66,78,820,944,5,7,0,0,52,110,0,0,211,147,396,447,7,4
51610,Chapman Valley,13,10,284,344,3,4,4,0,8,14,0,0,6,0,64,30,0,0,9,10,224,313,3,4,0,0,26,39,0,0,3,3,158,119,0,0
51680,Chittering,10,15,1116,1355,13,12,3,0,68,82,0,0,0,3,175,113,0,0,5,13,923,1234,12,16,0,0,95,146,0,3,21,21,741,547,18,9
51890,Collie,25,34,1476,1718,13,17,7,23,144,233,0,0,6,0,294,97,4,0,18,31,1167,1602,9,17,0,0,35,42,0,0,62,59,1495,1158,19,22
52100,Corrigin,3,3,223,295,0,0,0,0,7,12,3,0,0,0,53,24,0,0,0,0,166,273,0,0,0,0,25,44,0,0,8,3,147,112,7,3
52800,Derby-West Kimberley,382,418,739,767,9,14,123,221,13,31,0,0,126,60,247,191,8,0,245,349,480,562,0,14,0,3,18,35,0,0,1130,973,123,149,6,5
52870,Donnybrook-Balingup,16,22,1129,1308,19,23,7,5,58,97,0,4,4,3,229,116,3,0,12,20,893,1179,16,16,0,0,80,126,0,0,16,11,966,682,17,8
52940,Dowerin,3,7,123,171,0,0,0,0,5,9,0,0,0,0,27,19,0,0,0,7,95,152,0,0,0,0,13,18,0,0,0,0,106,65,3,0
51750,Claremont,5,6,2094,2292,3,7,3,0,136,121,0,0,0,0,413,251,0,0,4,6,1665,2030,3,6,0,0,165,162,0,0,3,18,1844,1212,11,8
51820,Cockburn,241,236,24313,26743,98,136,59,66,1816,2286,11,16,80,24,4878,2782,15,6,150,203,19231,23675,85,116,9,5,1009,1751,10,7,241,170,13025,8465,126,102
52170,Cottesloe,9,5,1713,1947,5,11,0,0,81,105,0,0,3,0,337,188,0,0,11,0,1363,1750,5,4,0,0,118,113,0,0,4,3,1177,743,9,3
52240,Cranbrook,0,7,225,286,3,3,0,0,7,7,0,0,0,0,34,17,0,0,0,7,192,264,0,4,0,0,15,48,0,3,8,3,134,104,4,0
52310,Cuballing,0,4,161,199,0,0,0,0,8,10,0,0,0,0,44,20,0,0,0,4,117,179,0,0,0,0,15,20,0,0,3,7,104,115,3,3
52730,Denmark,5,15,1123,1207,10,6,0,3,47,66,0,3,3,5,246,157,0,0,7,12,870,1041,8,7,0,0,117,247,0,0,20,4,1016,841,16,7
52380,Cue,0,7,27,32,0,0,0,0,0,3,0,0,0,4,10,10,0,0,0,4,16,19,0,0,0,0,3,3,0,0,6,5,16,23,0,0
52450,Cunderdin,0,7,245,362,0,3,3,0,12,23,0,0,0,0,80,46,0,0,0,7,163,314,0,3,0,0,16,23,0,0,5,3,187,200,3,0
52520,Dalwallinu,10,11,272,422,4,8,3,0,5,12,0,0,0,0,65,22,3,0,4,11,213,393,4,8,0,0,8,33,0,0,7,11,161,81,4,4
52590,Dandaragan,10,11,628,785,0,13,0,0,32,37,0,0,3,0,126,75,0,0,11,12,501,697,0,13,0,0,43,81,0,5,11,15,466,442,5,3
52660,Dardanup,50,46,2907,3397,19,14,8,8,216,249,0,4,9,5,512,208,0,3,33,37,2375,3166,14,9,0,3,137,188,0,0,30,13,1973,1282,37,14
53010,Dumbleyung,5,0,145,177,0,0,5,0,4,8,0,0,0,0,42,12,0,0,3,0,97,167,0,0,0,0,11,24,0,0,4,4,71,53,0,0
53080,Dundas,12,8,117,160,4,3,3,0,3,22,0,0,7,0,40,39,0,0,6,11,72,121,4,3,0,0,0,3,0,0,9,9,84,84,3,3
53150,East Fremantle,3,7,1849,1841,12,13,0,0,89,132,0,0,0,0,437,278,0,0,3,5,1397,1550,12,8,0,0,116,144,0,0,6,7,955,677,11,5
53220,East Pilbara,237,441,1325,3778,14,52,67,76,51,56,3,0,33,20,196,92,4,0,201,415,1125,3673,13,50,0,0,28,15,0,0,343,240,255,128,7,7
53290,Esperance,59,61,2830,3364,26,36,13,15,109,165,3,0,19,9,500,275,3,6,47,47,2314,3057,17,32,0,3,159,297,3,0,120,91,1827,1201,34,26
53360,Exmouth,5,15,640,732,4,10,0,3,27,35,0,0,3,0,146,99,0,0,4,10,483,619,7,7,0,0,42,58,0,0,9,6,247,228,0,3
53430,Fremantle,45,52,6916,6897,34,32,19,26,441,620,4,11,14,11,1716,1025,3,0,27,46,5149,5813,29,32,5,4,514,612,4,0,88,65,4176,3049,53,29
53570,Gingin,14,15,947,1152,12,13,6,0,53,87,0,0,0,3,132,61,0,0,11,10,807,1076,12,13,0,0,74,153,0,0,15,11,838,728,15,7
53640,Gnowangerup,9,12,231,349,4,0,8,4,0,3,0,0,3,3,41,11,0,0,7,5,190,335,4,0,0,0,19,35,0,0,8,21,128,81,4,0
54280,Kalgoorlie/Boulder,243,240,6184,8146,36,47,45,79,401,389,7,3,62,20,1227,597,9,0,176,219,4890,7460,25,47,4,3,173,210,0,0,421,301,2561,1612,35,24
54310,Karratha,320,377,3927,5993,24,54,108,122,229,217,3,4,41,11,855,412,8,3,272,359,3043,5538,19,48,0,0,123,90,0,0,448,449,1191,546,23,15
53710,Goomalling,5,0,194,244,0,0,0,3,17,5,0,0,0,0,46,15,0,0,0,0,146,220,0,0,0,0,16,35,0,0,11,8,145,104,3,0
53780,Gosnells,322,309,23173,28920,96,109,72,86,2432,3100,16,19,81,35,4080,2576,13,3,231,256,18829,25918,84,102,3,14,816,1919,0,5,446,562,17086,11450,143,102
53800,Greater Geraldton,384,367,7645,8187,57,63,123,175,502,790,3,13,89,46,1643,934,11,3,281,321,5935,7175,44,50,9,3,317,505,0,6,700,608,4733,3516,58,57
53920,Halls Creek,144,140,198,212,0,6,68,87,3,3,0,0,26,19,69,61,0,0,104,112,126,154,0,5,0,4,0,13,0,0,525,369,29,29,0,0
53990,Harvey,79,83,5280,6159,39,40,31,24,399,520,0,3,16,3,966,421,0,0,56,82,4257,5689,31,36,8,3,218,348,4,7,78,61,3697,2480,44,23
54060,Irwin,10,15,632,724,9,4,0,0,49,66,0,0,4,3,114,40,0,0,10,10,509,671,9,4,0,0,31,61,0,0,24,15,645,518,5,6
54130,Jerramungup,0,11,234,322,0,5,0,0,0,10,0,0,0,0,45,27,0,0,0,9,190,302,0,5,0,0,25,53,0,0,3,0,97,75,0,3
54170,Joondalup,166,190,37474,40795,153,200,36,38,2493,3217,9,24,46,17,7636,4822,25,14,116,163,29568,35630,127,171,3,16,1843,3389,6,18,119,73,20546,14063,170,141
54200,Kalamunda,169,166,12449,14359,45,68,12,41,924,1078,4,7,45,16,2368,1272,4,6,123,145,9980,12964,39,56,6,4,539,1012,0,3,166,67,8319,5508,80,53
54760,Kulin,4,0,162,242,0,0,0,0,3,8,0,0,0,0,37,21,0,0,4,0,127,219,0,0,0,0,18,32,0,0,7,3,90,44,0,0
54340,Katanning,36,39,727,933,13,11,5,17,35,59,0,0,6,6,189,103,0,0,24,31,530,817,14,11,0,0,33,73,0,0,57,33,534,351,14,7
54410,Kellerberrin,6,4,218,255,0,0,0,4,7,15,0,0,0,0,49,38,0,0,6,4,171,211,0,0,0,0,10,36,0,0,26,16,196,149,3,0
54480,Kent,0,0,120,174,0,0,0,0,3,0,0,0,0,0,33,16,0,0,0,0,85,159,0,0,0,0,8,27,0,0,0,0,38,31,0,0
54550,Kojonup,14,14,406,521,3,6,0,3,7,17,0,0,4,3,73,21,0,0,10,7,330,499,3,7,0,0,50,86,0,0,16,7,239,142,3,0
54620,Kondinin,3,7,202,271,5,0,0,4,8,4,0,0,0,3,45,23,0,0,0,7,152,249,5,0,0,0,9,27,0,0,8,4,62,68,0,0
54690,Koorda,0,0,82,100,4,3,0,0,4,3,0,0,0,0,19,13,0,0,0,0,62,90,4,3,0,0,7,18,0,0,0,0,63,49,0,0
54830,Kwinana,124,158,7544,8916,31,35,24,46,918,1022,3,8,34,14,1297,816,3,0,89,127,6147,7991,28,29,3,5,258,495,0,0,188,437,4833,3635,38,42
54900,Lake Grace,0,8,283,408,4,3,0,0,5,0,0,0,0,0,68,22,0,0,0,8,213,379,4,3,0,0,19,53,0,0,3,3,113,62,0,0
55040,Leonora,18,26,184,434,3,0,3,0,6,12,0,0,9,3,35,28,0,0,9,26,148,405,0,0,0,0,5,15,0,0,43,38,65,40,0,0
54970,Laverton,17,23,116,431,0,3,16,25,5,6,0,0,5,9,24,27,0,0,12,16,86,409,0,3,0,0,0,3,0,0,67,48,14,30,5,0
55110,Mandurah,218,227,14393,16039,84,83,69,76,1673,1943,11,20,47,10,2204,1146,11,5,172,215,12045,14733,68,73,5,11,739,1218,7,5,281,175,15467,10768,212,122
55180,Manjimup,41,41,1874,2187,18,18,3,19,84,121,0,3,8,3,347,228,3,0,31,39,1505,1944,21,18,0,0,96,213,3,3,51,25,1285,1028,27,27
55250,Meekatharra,28,32,123,280,0,0,6,11,3,3,0,0,4,4,37,25,0,0,24,18,84,250,0,0,0,0,3,8,0,0,72,45,30,29,4,3
55320,Melville,91,121,22438,23849,77,93,9,27,1476,1875,12,15,16,9,5133,3091,9,10,68,105,17166,20598,64,73,0,8,1150,1491,6,4,119,94,16131,10484,142,106
55950,Mukinbudin,0,4,114,162,0,0,0,0,3,3,0,0,0,0,25,13,0,0,0,4,80,151,0,0,0,0,10,27,0,0,7,0,74,40,0,3
57080,Perth,32,41,5038,6348,23,40,13,10,549,630,0,0,7,8,774,682,3,0,22,27,4213,5618,13,34,0,0,163,236,0,5,28,32,2514,1998,17,24
55390,Menzies,19,19,40,139,0,4,12,9,0,0,0,0,3,0,9,11,0,0,11,16,31,129,0,4,0,0,0,3,0,0,53,45,13,9,0,0
55460,Merredin,15,31,646,802,0,0,9,14,27,39,0,0,3,9,153,95,0,0,9,23,495,700,0,0,0,0,18,64,0,0,43,29,421,399,0,0
57140,Pingelly,11,12,173,216,3,7,11,5,11,14,0,0,7,0,38,24,0,0,4,7,130,189,0,7,0,0,18,28,0,0,25,21,185,148,3,4
55530,Mingenew,9,0,87,134,0,0,0,0,7,0,0,0,3,0,16,15,0,0,0,0,72,114,0,0,0,0,6,9,0,0,3,0,43,42,0,0
56090,Mundaring,110,109,8126,8947,45,64,16,25,509,708,6,4,21,19,1730,1016,12,8,86,84,6316,7821,37,53,0,0,485,869,4,8,80,624,5259,5085,50,29
56620,Ngaanyatjarraku,81,66,66,64,0,0,51,52,0,0,0,0,26,28,20,26,0,0,50,36,41,39,0,0,0,0,0,0,0,0,270,203,10,8,0,0
56730,Northam,54,60,1996,2199,15,15,20,31,140,208,0,3,18,20,462,261,3,3,38,44,1507,1918,11,7,0,0,98,172,0,3,133,103,1598,1606,25,17
55600,Moora,27,32,469,607,4,3,11,18,19,15,0,0,11,4,133,63,0,0,17,29,335,543,3,0,0,0,31,58,0,0,57,38,252,186,8,4
56790,Northampton,19,20,600,716,10,5,4,12,26,65,0,3,4,0,112,65,0,0,20,20,482,643,7,5,0,4,32,87,3,0,35,30,486,443,9,7
57210,Plantagenet,18,18,953,1115,9,9,5,9,59,87,0,0,9,3,194,108,0,0,7,18,755,990,9,7,0,0,86,140,0,3,24,25,782,683,20,10
55670,Morawa,4,4,131,158,0,0,4,5,7,13,0,0,3,0,54,25,0,0,3,4,76,129,0,0,0,0,13,19,0,0,23,33,69,74,0,3
55810,Mount Magnet,6,9,58,75,0,3,3,6,6,5,0,0,0,0,15,9,0,0,3,4,42,66,0,3,0,0,3,9,0,0,25,24,33,41,0,0
56860,Nungarin,0,0,48,59,0,0,0,0,3,0,0,3,0,0,21,5,0,0,0,0,29,54,0,0,0,0,0,7,0,0,0,4,37,27,0,0
55880,Mount Marshall,3,0,114,158,0,0,0,0,3,5,0,0,0,0,21,13,0,0,3,0,93,141,0,0,0,0,18,32,0,0,0,0,50,42,0,0
57910,Stirling,354,307,49106,53240,204,215,71,95,3539,4370,24,31,98,49,9462,5694,21,13,253,258,39234,46985,171,186,13,18,2204,3798,15,12,398,269,30308,20020,290,194
57980,Subiaco,22,20,4427,4702,8,18,3,6,354,407,0,0,3,0,1080,791,3,6,17,24,3328,3879,7,14,0,3,232,265,0,0,38,24,2975,2194,27,17
55740,Mosman Park,6,12,1983,2055,5,3,0,3,121,134,0,0,0,3,371,217,0,0,5,9,1595,1825,4,3,3,0,118,137,0,0,16,10,1386,852,16,14
56300,Nannup,3,7,254,279,3,3,0,0,13,22,0,0,0,0,56,36,0,0,0,3,191,240,3,5,0,0,30,39,0,0,4,3,221,214,6,3
58050,Swan,471,519,29049,33003,139,167,112,171,2556,2882,20,22,142,59,4707,2920,16,12,322,442,24055,29719,120,146,12,25,1229,2187,10,6,691,369,16771,10607,168,134
56160,Murchison,8,3,18,22,0,0,0,3,0,0,0,0,5,3,3,6,0,0,4,0,11,16,0,0,0,0,0,0,0,0,14,11,6,3,0,0
56230,Murray,52,45,2876,3397,18,32,15,13,289,360,3,7,11,7,403,207,3,0,41,42,2443,3140,18,28,0,3,150,275,0,4,61,54,2918,2215,44,32
56370,Narembeen,0,3,171,228,4,0,0,0,8,6,0,0,0,0,50,20,0,0,0,3,113,206,3,0,0,0,10,33,0,0,3,5,114,71,0,0
56580,Nedlands,11,11,4519,5194,17,16,0,0,246,303,0,0,5,0,960,857,0,0,6,14,3536,4309,17,16,0,0,299,298,0,0,6,15,3494,2223,24,24
58190,Tammin,3,3,68,95,0,0,0,4,3,0,0,0,0,0,20,8,0,0,3,0,42,86,0,0,0,0,4,13,0,0,10,7,41,29,0,0
56460,Narrogin,23,32,964,1076,4,5,12,12,33,60,0,0,4,5,280,157,0,0,15,20,670,905,4,10,0,0,42,100,0,0,76,51,754,513,10,9
56930,Peppermint Grove,6,0,335,351,3,3,0,0,10,14,0,0,0,0,40,29,0,0,6,0,285,323,3,3,0,0,27,13,0,0,13,0,344,153,0,0
58260,Three Springs,3,5,114,137,0,3,0,0,3,6,0,0,0,0,23,13,0,0,0,8,87,123,0,3,0,0,4,18,0,0,6,0,72,55,0,0
57280,Port Hedland,323,379,2568,3721,21,29,61,78,134,117,0,3,80,13,549,232,6,0,242,353,1997,3468,14,31,3,0,66,60,0,0,429,286,740,357,16,9
57350,Quairading,4,0,153,204,3,0,0,7,0,14,0,0,4,0,54,17,0,0,3,0,101,178,3,0,0,0,17,32,0,0,27,15,185,113,9,3
57420,Ravensthorpe,3,6,294,454,7,11,0,0,14,32,0,0,0,0,74,35,0,0,4,6,223,415,7,10,0,0,18,45,0,0,7,6,240,166,4,0
57630,Sandstone,0,0,17,25,0,0,0,0,0,3,0,0,0,0,11,4,0,0,0,0,7,12,0,0,0,0,0,3,0,0,0,0,10,17,0,0
57700,Serpentine-Jarrahdale,88,78,5817,6845,21,33,13,18,477,470,3,4,18,11,1044,507,3,5,65,67,4728,6263,17,27,0,4,248,573,0,0,51,73,3110,2139,21,11
57770,Shark Bay,12,22,172,217,0,0,0,0,3,10,0,0,0,0,41,33,0,0,9,18,127,182,0,0,0,0,8,17,0,0,9,4,126,114,3,0
57840,South Perth,49,63,9909,10663,40,31,9,21,710,874,3,4,10,4,2105,1335,5,3,36,59,7748,9239,30,30,0,0,459,593,3,3,96,104,6301,4317,47,28
57000,Perenjori,12,12,104,256,0,4,3,0,3,5,0,0,0,3,27,16,0,0,7,11,80,238,0,4,0,0,6,14,0,0,3,3,37,31,0,0
57490,Rockingham,375,426,24790,28962,129,157,89,108,2691,3017,17,26,104,65,4787,3812,21,21,263,349,19803,24893,98,124,9,13,1076,1523,7,7,333,222,17360,10733,184,122
65010,Southern Midlands,54,58,1111,1334,10,23,4,3,65,70,3,3,10,4,214,113,3,3,44,58,880,1193,7,22,0,8,65,142,0,0,49,52,873,795,20,14
65210,Tasman,9,25,360,391,0,5,0,0,20,30,0,0,3,3,80,64,0,0,8,21,283,321,0,4,0,0,39,69,0,0,33,15,437,457,7,4
65410,Waratah/Wynyard,178,167,2351,2588,31,30,18,27,163,228,0,0,29,10,404,232,3,0,146,155,1918,2332,24,26,5,7,101,180,3,3,153,121,2482,1919,48,34
65610,West Coast,52,50,638,750,3,16,3,19,84,126,0,3,7,6,117,70,0,0,46,48,510,679,3,15,3,0,16,34,0,0,37,45,661,595,11,17
65810,West Tamar,92,80,4734,4885,24,38,6,12,290,351,0,6,14,7,972,570,6,0,80,69,3718,4271,21,36,3,3,218,416,0,0,73,58,3844,3009,65,55
70200,Alice Springs,623,512,5634,5720,48,71,64,95,115,154,4,0,257,148,1945,1474,15,12,345,353,3647,4195,34,53,9,6,162,238,0,0,883,628,1427,1021,27,22
58330,Toodyay,22,22,825,963,4,6,4,4,58,91,0,0,5,3,181,91,0,0,17,16,642,860,4,6,0,3,76,143,0,4,16,18,745,610,15,3
58680,Wandering,0,0,84,124,3,0,0,0,4,9,0,0,0,0,22,5,0,0,0,0,64,116,0,0,0,0,8,17,0,0,0,0,58,36,3,0
58760,Wanneroo,348,386,41313,46613,189,248,87,96,3777,4264,34,27,93,48,6448,4063,20,11,255,327,34470,41953,154,213,11,20,1956,3895,7,13,415,230,23488,14448,215,161
58820,Waroona,10,17,702,883,9,13,3,3,62,82,0,0,0,0,109,45,0,0,7,17,582,823,9,12,0,0,39,56,0,0,17,10,678,489,14,12
58400,Trayning,3,0,48,84,0,0,0,0,0,3,0,0,0,0,20,10,0,0,3,0,35,72,0,0,0,0,3,16,0,0,3,3,53,43,0,0
58890,West Arthur,4,5,174,224,3,3,0,0,9,16,0,0,0,0,38,13,0,0,4,5,134,204,0,3,0,0,20,41,0,0,5,0,92,64,0,0
79399,Unincorporated NT,160,163,1419,1851,20,18,3,3,33,67,0,0,36,27,360,210,7,0,124,136,1041,1625,13,16,3,0,39,59,0,0,60,73,336,312,7,4
59320,Woodanilling,0,0,92,109,0,3,0,0,3,9,0,0,0,0,29,8,0,0,0,0,62,99,0,3,0,0,4,14,0,0,0,0,43,34,0,0
58470,Upper Gascoyne,7,6,23,37,0,0,3,13,0,0,0,0,5,0,11,12,0,0,0,7,11,27,0,0,0,0,0,0,0,0,31,30,8,7,0,0
58510,Victoria Park,60,88,8116,9162,23,35,19,32,704,900,3,3,16,18,1723,1113,6,3,47,68,6328,7957,16,33,0,3,313,542,0,3,104,59,4649,3274,46,28
58540,Victoria Plains,4,4,172,266,0,3,0,0,3,11,0,0,0,0,19,15,0,0,0,4,155,250,0,3,0,0,16,39,0,0,8,3,111,85,0,0
99399,Unincorp. Other Territories,31,23,923,1138,18,11,3,3,27,22,0,0,5,8,179,230,6,3,23,17,734,893,14,8,0,0,68,84,0,0,48,31,444,551,11,7
59330,Wyalkatchem,0,0,83,101,0,4,0,0,12,8,0,0,0,0,23,13,0,0,0,0,55,87,0,4,0,0,3,8,0,0,3,3,86,77,4,0
58570,Vincent,55,64,8990,9610,33,37,6,12,532,660,3,7,10,9,1909,1283,8,0,42,56,7009,8253,22,40,0,0,475,615,0,0,35,29,3712,2585,79,41
58610,Wagin,4,0,345,374,7,5,0,0,20,30,0,0,0,0,80,28,0,0,4,0,259,342,3,5,0,0,20,45,0,0,8,7,298,238,5,3
59030,Westonia,0,0,55,106,3,0,0,0,0,4,0,0,0,0,10,4,0,0,0,0,42,105,3,0,0,0,0,12,0,0,0,0,30,17,0,0
74560,Wagait,15,7,109,103,3,0,0,0,9,13,0,0,8,4,37,25,0,0,6,3,67,75,0,0,0,0,3,12,0,0,3,0,51,55,0,4
72800,Palmerston,613,627,7315,8622,61,69,76,104,376,365,3,3,271,145,2020,1955,19,14,323,472,5209,6552,40,44,9,15,193,257,0,0,507,335,2397,1334,35,23
73600,Roper Gulf,399,367,272,387,7,9,99,174,11,14,0,0,166,123,68,57,0,0,192,208,195,322,0,9,3,10,12,12,0,0,1131,1058,75,104,0,0
74050,Tiwi Islands,187,164,75,94,0,0,72,88,0,3,0,0,39,37,19,12,0,0,128,121,53,74,0,0,0,0,0,0,0,0,536,488,7,21,0,0
74550,Victoria Daly,146,162,197,231,5,3,51,82,5,15,0,0,54,40,31,42,0,4,77,109,161,188,5,4,0,3,13,14,0,0,389,279,40,63,3,0
59100,Wickepin,3,4,147,202,0,0,0,0,8,12,0,0,0,0,27,20,0,0,3,4,117,180,0,0,0,0,11,36,0,0,0,0,92,60,3,0
74660,West Arnhem,341,379,311,403,8,13,166,187,12,6,0,0,118,76,81,68,0,0,187,256,222,333,4,14,0,3,3,5,0,0,1014,893,54,35,3,4
74680,West Daly,159,126,77,82,0,0,145,188,0,0,0,0,47,34,19,24,0,0,105,84,64,62,0,0,0,0,0,0,0,0,598,459,0,7,0,0
59170,Williams,3,4,226,288,0,0,0,0,4,5,0,0,0,0,48,27,0,0,3,4,174,258,0,0,0,0,16,44,0,0,3,0,101,64,0,0
59250,Wiluna,15,11,74,266,0,0,12,5,0,8,0,0,4,3,10,10,0,0,11,13,66,250,0,0,0,0,0,0,0,0,56,45,16,14,0,0
89399,Unincorporated ACT,1364,1398,99050,102797,385,417,140,141,4640,5200,17,35,678,570,44164,38624,138,114,665,802,54136,63241,230,274,24,48,2767,4177,8,10,724,607,49484,36937,393,276
59310,Wongan-Ballidu,12,10,266,383,0,0,3,3,12,23,0,0,6,0,70,37,0,0,4,7,197,347,0,0,0,0,13,32,0,0,15,6,153,118,4,3
59340,Wyndham-East Kimberley,244,227,1307,1417,17,22,76,95,29,40,0,0,53,33,368,248,7,4,178,186,925,1153,13,18,0,5,40,68,0,3,514,329,230,226,7,9
59350,Yalgoo,18,6,45,126,0,0,0,0,0,0,0,0,8,4,15,8,0,0,11,0,33,120,0,0,0,0,0,0,0,0,20,15,9,11,0,0
60210,Break O'Day,34,26,932,929,5,8,0,3,101,121,0,0,7,4,161,96,0,0,24,20,761,831,7,8,3,4,79,154,3,0,43,38,1230,1288,26,19
60410,Brighton,189,185,3067,3114,26,54,35,44,190,290,0,5,32,16,517,341,3,0,158,170,2519,2743,27,44,6,10,95,185,0,4,270,205,2316,1699,49,27
60610,Burnie,230,210,3517,3639,33,37,39,43,268,387,3,0,37,17,584,370,0,3,188,189,2903,3240,22,25,3,8,101,159,0,0,223,139,3238,2428,60,41
60810,Central Coast (Tas.),273,266,3994,4239,37,36,29,38,237,344,5,5,37,20,725,436,8,4,235,246,3234,3759,28,33,5,21,178,322,0,3,221,189,3808,2860,74,53
61010,Central Highlands (Tas.),16,8,320,466,0,4,0,0,26,46,0,0,4,0,52,43,0,0,13,8,259,419,0,4,3,0,19,38,0,0,27,15,370,348,3,4
61210,Circular Head,240,238,1388,1700,12,23,20,24,52,84,0,0,24,6,149,84,3,0,207,222,1219,1607,8,23,10,19,68,152,0,3,156,125,981,739,14,16
59360,Yilgarn,4,10,187,399,0,3,3,3,14,23,0,0,0,0,55,35,0,0,4,10,135,361,0,3,0,0,8,42,0,0,5,4,119,103,0,0
59370,York,15,10,632,733,6,3,6,3,41,38,0,0,3,0,131,64,4,0,8,6,485,661,3,3,0,0,33,87,0,0,15,22,614,503,8,11
61410,Clarence,329,327,12038,11719,92,72,26,45,533,717,12,3,63,48,3158,2195,14,14,253,270,8801,9431,78,54,17,12,508,905,6,7,296,304,8875,7242,125,93
61510,Derwent Valley,75,62,1756,1940,19,22,6,10,127,200,0,3,7,8,308,219,0,0,64,49,1424,1681,19,24,0,3,67,152,0,0,83,64,1717,1467,30,23
61610,Devonport,239,215,4502,4629,28,32,40,49,342,461,4,8,39,18,740,398,4,0,199,203,3716,4176,21,32,9,4,144,308,6,5,279,186,4613,3226,70,47
61810,Dorset,21,33,1110,1364,15,11,3,4,87,113,0,0,3,3,182,91,3,0,15,30,904,1247,16,11,0,0,70,145,3,0,33,29,1254,948,15,21
62010,Flinders (Tas.),29,29,149,209,4,3,7,3,14,14,0,0,13,5,41,26,0,0,17,25,108,177,5,0,0,0,20,45,0,0,15,20,116,103,4,0
62210,George Town,34,29,954,1149,10,16,11,15,119,160,3,5,8,0,146,81,0,0,25,25,794,1042,10,16,0,0,32,59,0,0,62,46,1334,1073,19,14
62410,Glamorgan/Spring Bay,33,25,737,839,6,10,4,3,24,60,0,0,4,3,117,74,4,0,31,18,621,742,6,10,3,5,45,114,0,0,37,25,871,811,11,12
62610,Glenorchy,380,330,8989,9393,81,79,46,77,577,903,0,14,63,35,1914,1261,14,4,307,290,6984,8024,66,72,13,8,294,650,3,0,344,279,7823,5658,125,109
62810,Hobart,156,135,11970,11881,56,60,9,25,748,942,8,10,34,36,3566,2751,12,13,116,101,8328,9046,37,45,8,12,713,914,0,3,110,97,7960,6282,75,72
63010,Huon Valley,270,282,2741,3023,35,38,25,21,176,226,3,4,41,35,613,345,7,0,223,238,2101,2642,23,37,3,21,228,390,0,3,210,179,2731,2357,55,37
63210,Kentish,54,54,1062,1255,3,12,10,6,71,91,0,0,9,4,160,112,0,0,47,51,889,1122,3,6,7,0,78,132,0,0,40,43,1066,926,21,17
63410,King Island,12,6,339,436,4,7,0,0,6,14,0,0,0,0,52,47,0,0,11,6,276,384,4,7,0,0,32,68,0,0,3,8,205,160,4,6
63610,Kingborough,263,270,7871,7806,61,63,18,25,369,446,3,3,63,32,2113,1534,14,4,200,225,5705,6223,51,60,3,17,508,774,4,12,155,124,5605,4186,80,49
63810,Latrobe (Tas.),94,109,2055,2192,15,16,7,14,109,175,0,0,14,11,306,203,0,0,80,98,1737,1969,11,9,7,4,88,169,0,3,78,77,1923,1423,37,24
64010,Launceston,345,337,13196,13477,88,94,70,83,966,1347,7,11,51,32,2743,1605,16,10,285,292,10345,11725,71,77,3,11,509,893,6,3,370,297,10771,8127,167,136
64210,Meander Valley,90,106,3921,4283,29,40,11,22,196,284,0,5,16,7,706,377,3,0,72,92,3189,3859,26,32,3,3,209,412,0,5,82,60,3350,2360,57,41
64610,Northern Midlands,59,57,2495,2854,14,18,4,9,165,176,0,4,12,7,399,217,3,0,46,52,2070,2614,13,18,3,8,113,256,0,3,43,32,2159,1660,23,32
64810,Sorell,102,116,2960,3105,18,25,17,18,169,234,0,3,18,11,624,408,7,0,79,103,2313,2662,15,22,3,11,154,330,0,3,71,75,2231,1797,21,28
70420,Barkly,286,347,596,644,9,8,287,310,16,20,0,0,115,113,199,135,3,3,151,227,387,509,8,7,0,3,6,21,0,0,884,742,94,115,3,3
70540,Belyuen,7,5,3,0,0,0,7,12,0,0,0,0,3,3,3,0,0,0,4,3,0,0,0,0,0,0,0,0,0,0,39,52,0,0,0,0
70700,Coomalie,47,29,161,209,9,4,9,20,5,14,3,0,21,13,50,35,0,0,23,22,108,167,10,4,0,0,12,18,0,0,66,31,107,128,5,4
71000,Darwin,948,903,18493,21471,120,143,138,149,786,958,10,11,389,241,6103,5023,27,11,536,640,12191,16158,86,116,13,17,618,830,5,9,970,717,6395,4736,79,81
71300,East Arnhem,566,549,173,187,0,4,236,277,0,0,0,0,164,110,43,43,0,4,361,396,124,143,0,0,0,3,3,3,0,0,1972,1779,25,16,3,3
72200,Katherine,254,237,1640,1935,21,32,29,47,34,51,0,0,71,53,575,734,3,5,178,174,1059,1185,13,21,0,4,50,85,0,0,423,345,468,377,12,18
72300,Litchfield,298,361,4487,6439,69,99,17,27,165,264,3,0,117,56,1239,1110,11,9,175,294,3199,5264,51,82,12,8,229,391,3,11,210,853,1447,1613,42,38
70620,Central Desert,206,221,147,208,4,7,259,272,4,0,0,0,105,87,50,49,0,3,101,126,100,160,3,0,0,0,0,3,0,0,607,388,15,11,0,0
72330,MacDonnell,356,290,239,254,3,3,142,199,4,3,0,0,138,114,57,60,0,0,218,165,180,179,3,3,10,0,3,8,0,0,1014,1221,50,82,3,0
